0_Avg-Duration_s,0_Min-Duration_s,0_Max-Duration_s,0_Median-Duration_s,0_MainRank-Duration_s
0.197496437,0.186356139,0.208640806,0.197494402,0.208640806
0.113809322,0.112507856,0.115092628,0.113818402,0.112507856
0.114967884,0.110363197,0.119572448,0.114967945,0.110363197
0.101215547,0.096746719,0.105684006,0.101215732,0.096746719
0.107071442,0.10707102,0.107071878,0.107071435,0.10707113
0.229153772,0.22820308,0.230103682,0.229154164,0.230103682
0.126918837,0.125639158,0.127756629,0.12713978,0.127756629
0.118818642,0.118815058,0.118821373,0.118819069,0.118815058
0.128149778,0.124473815,0.129393258,0.12936602,0.129340018
0.116888855,0.116878937,0.116895626,0.116890428,0.116891752
0.100266829,0.100251179,0.100288343,0.100263897,0.100251179
0.101118078,0.101068729,0.101141851,0.101130866,0.101068729
0.100978735,0.100965101,0.100992139,0.10097885,0.100965821
0.101903719,0.10067438,0.103121545,0.101909475,0.100709939
0.105788941,0.105772545,0.105803547,0.105789836,0.10578696
0.10330252,0.10197003,0.104637559,0.103301246,0.10197003
0.104534545,0.104516717,0.104550393,0.104535534,0.10453039
0.104961242,0.103971868,0.105951506,0.104960796,0.103977518
0.102441037,0.102426215,0.102464774,0.10243658,0.102442481
0.103568281,0.102175938,0.104962584,0.103567301,0.102187132
0.102917301,0.102836799,0.10299679,0.102917807,0.10284938
0.104158965,0.102541758,0.105774848,0.104159628,0.102559693
0.103505753,0.103483735,0.103520466,0.103509405,0.103504935
0.101448126,0.101418303,0.101474093,0.101450054,0.101426783
0.103704082,0.102799827,0.104606587,0.103704958,0.102808894
0.102222329,0.102134606,0.102345621,0.102204544,0.102148042
0.104019692,0.102341217,0.105696662,0.104020444,0.102341217
0.101116837,0.101105787,0.101133939,0.101113811,0.101121448
0.105369709,0.103879612,0.106828491,0.105385366,0.103879612
0.104355214,0.104337352,0.104374497,0.104354504,0.104348803
0.103023062,0.101419159,0.104633821,0.103019633,0.101420575
0.104712838,0.104694338,0.104733134,0.10471194,0.104706575
0.110831747,0.110818034,0.110840103,0.110834426,0.110836669
0.110201479,0.110177342,0.110215645,0.110206465,0.110212752
0.10702967,0.105004256,0.10900412,0.107055152,0.105004256
0.112426058,0.112300035,0.112574519,0.112414838,0.112302523
0.108789344,0.108398752,0.109163184,0.10879772,0.108450118
0.107296456,0.105613564,0.108967141,0.10730256,0.105613564
0.112629714,0.111742556,0.113526682,0.11262481,0.111750337
0.105194384,0.10515577,0.105245713,0.105188026,0.10515577
0.112656209,0.112625679,0.112674963,0.112662098,0.112664694
0.113562118,0.113543992,0.113584611,0.113559934,0.113566628
0.116102894,0.116048887,0.116125085,0.116118802,0.116121423
0.107933996,0.106503964,0.109305051,0.107963486,0.106623756
0.115012992,0.114368095,0.115662535,0.11501067,0.114381847
0.106955052,0.105284067,0.108656302,0.10693992,0.105284067
0.104450017,0.104442461,0.10446414,0.104446734,0.104450304
0.100332184,0.100318452,0.100343506,0.100333389,0.100323659
0.103945275,0.102800258,0.105079817,0.103950512,0.10283268
0.101867337,0.101853384,0.101894956,0.101860503,0.101865168
0.099917728,0.09988363,0.099947732,0.099919775,0.099893518
0.104826642,0.104026958,0.105622505,0.104828552,0.104047338
0.099189534,0.099166377,0.099241815,0.099174971,0.099178081
0.101421739,0.099674651,0.103166028,0.101423138,0.099674651
0.105962581,0.105942376,0.105988234,0.105959857,0.105942376
0.104553324,0.103801691,0.105267261,0.104572171,0.103885071
0.101716173,0.101694978,0.101752781,0.101708466,0.101707943
0.103266234,0.101504528,0.105027941,0.103266233,0.101504528
0.104992794,0.104981613,0.105009336,0.104990114,0.104981613
0.0996537,0.099619229,0.099685428,0.099655071,0.099626512
0.102957916,0.101159119,0.104759238,0.102956654,0.101166688
0.102902041,0.102883987,0.102928767,0.102897705,0.102895745
0.102134358,0.100714435,0.103558567,0.102132214,0.1007184
0.104319662,0.104230958,0.104406182,0.104320754,0.104241592
0.100417082,0.100400414,0.100429261,0.100419326,0.100410602
0.107858636,0.107841481,0.107870532,0.107861265,0.107861548
0.101613101,0.10069673,0.10252817,0.101613751,0.10070354
0.105045203,0.104524266,0.105567737,0.105044405,0.104531046
0.099632584,0.099617467,0.099648335,0.099632266,0.099634452
0.101579218,0.100691174,0.102462087,0.101581806,0.100708744
0.1064924,0.106468468,0.10650685,0.106497141,0.106496938
0.103185561,0.102032984,0.104339312,0.103184975,0.102039973
0.104316069,0.104304885,0.104336225,0.104311582,0.104315928
0.098781934,0.098738997,0.098812931,0.098787905,0.098763742
0.100460648,0.100434954,0.100483534,0.100462052,0.100441638
0.102216416,0.100672005,0.103765491,0.102214084,0.100679592
0.104128733,0.104107744,0.104149212,0.104128989,0.104123013
0.101115936,0.10096947,0.101261615,0.101116331,0.100973237
0.105981406,0.105900803,0.1060196,0.10600261,0.106001615
0.102910454,0.102896911,0.102928721,0.102908092,0.102902892
0.101658094,0.100014978,0.103296204,0.101660596,0.100039436
0.10506325,0.105041486,0.10508554,0.105062988,0.105053617
0.100100757,0.100094016,0.100104161,0.100102426,0.100103325
0.114539133,0.114523601,0.114549799,0.114541566,0.114536857
0.116404566,0.116389963,0.116414211,0.116407045,0.116401942
0.115918943,0.115914907,0.115928263,0.115916301,0.11591547
0.116982019,0.116962386,0.117004705,0.116980493,0.116984726
0.114437891,0.114325424,0.114488545,0.114468797,0.114470452
0.123006508,0.122968589,0.123042606,0.123007419,0.12301512
0.12204554,0.121984645,0.12207514,0.122061187,0.122069079
0.119555,0.119380839,0.119631622,0.119603769,0.119615946
0.122483005,0.122414058,0.122531953,0.122493004,0.122511896
0.105661767,0.105648485,0.105680179,0.105659202,0.105659597
0.099713331,0.099704709,0.099727785,0.099710415,0.099704709
0.099872181,0.099663022,0.100076592,0.099874556,0.099672557
0.103117123,0.102395006,0.103845785,0.10311385,0.10241001
0.109854804,0.108513751,0.11121008,0.109847692,0.108534787
0.108105293,0.107245048,0.108964115,0.108106004,0.107249583
0.105259708,0.104310247,0.106241422,0.105243582,0.104335137
0.108356107,0.106789324,0.109852517,0.108391294,0.106960345
0.110739646,0.109859477,0.111608296,0.110745406,0.109899731
0.107098844,0.105908358,0.108301848,0.107092585,0.105922285
0.110163213,0.109363487,0.110927719,0.110180823,0.109444407
0.113179353,0.113119912,0.113264698,0.113166401,0.113119912
0.101879004,0.101855488,0.10190918,0.101875674,0.101881171
0.101441413,0.099596046,0.103275875,0.101446864,0.099596046
0.100693953,0.100659776,0.10073324,0.100691399,0.100679627
0.09965586,0.099651439,0.099661288,0.099655357,0.099661288
0.099302074,0.099195678,0.099403792,0.099304412,0.099206583
0.098923433,0.09874515,0.099095292,0.098926645,0.098758632
0.099125971,0.099109353,0.099137613,0.09912846,0.099122385
0.098411992,0.098393059,0.098422665,0.098416123,0.098411345
0.100235967,0.098970128,0.101465974,0.100253882,0.098970128
0.098413116,0.097373646,0.099451604,0.098413606,0.097402122
0.096205591,0.096195345,0.096215966,0.096205528,0.096215966
0.093596392,0.092947866,0.094229077,0.093604313,0.092985312
0.094054273,0.093765498,0.094344601,0.094053496,0.093819746
0.094901232,0.094134835,0.095664829,0.094902632,0.09415503
0.093187159,0.091521188,0.094868357,0.093179545,0.091521188
0.092420066,0.090333734,0.094520947,0.092412792,0.090338679
0.0921312,0.090696903,0.093566806,0.092130546,0.090724288
0.08953329,0.089324037,0.089743745,0.08953269,0.0893365
0.084713772,0.084183432,0.085244127,0.084713765,0.084184159
0.082780133,0.082153169,0.08340552,0.082780921,0.082157595
0.079825985,0.07858238,0.081007792,0.079856883,0.07858238
0.075209088,0.074815405,0.075587977,0.075216486,0.07486623
0.078728682,0.0783689,0.079102893,0.078721467,0.078381627
0.079275943,0.079218009,0.079342746,0.079271509,0.079218009
0.076907621,0.076895998,0.076920206,0.076907141,0.076898131
0.080539811,0.080106929,0.080966758,0.080542778,0.080106929
0.083316866,0.083007619,0.083629067,0.083315388,0.083016815
0.087635009,0.086001351,0.089117426,0.08771063,0.086001351
0.084759915,0.084341102,0.085189522,0.084754519,0.084342263
0.084842193,0.084827867,0.084858105,0.084841401,0.084843914
0.083130867,0.082978826,0.083276881,0.08313388,0.083009963
0.082237356,0.081379427,0.083092641,0.082238677,0.081399373
0.080077775,0.079416977,0.080738811,0.080077657,0.079416977
0.075749007,0.074814064,0.076684533,0.075748716,0.074814064
0.097048862,0.0959983,0.0981191,0.097039023,0.096002253
0.082951729,0.082392156,0.083512295,0.082951232,0.082402536
0.078784255,0.077990648,0.079574317,0.078786028,0.077990648
0.08807867,0.08767692,0.088483816,0.088076971,0.087702484
0.105864691,0.104514705,0.107200738,0.10587166,0.10457619
0.084922433,0.083667121,0.08616594,0.084928335,0.083696378
0.078635951,0.077775441,0.079508371,0.078629997,0.07777953
0.091086434,0.090112383,0.091912114,0.091160619,0.090420492
0.081824382,0.080331462,0.083330479,0.081817794,0.080336865
0.087450376,0.087434589,0.087469114,0.0874489,0.087434589
0.080994992,0.080326845,0.081661943,0.080995591,0.080331824
0.080212678,0.079694585,0.080735366,0.08021038,0.079694585
0.077635067,0.077202834,0.07807275,0.077632342,0.077203625
0.103196371,0.103135842,0.103223616,0.103213012,0.103220546
0.113294903,0.113116721,0.113419189,0.113321851,0.113116721
0.117371178,0.117180076,0.117465714,0.117419461,0.117180076
0.114201592,0.114059381,0.114279478,0.114233755,0.114235749
0.11730014,0.11711935,0.117478392,0.117301409,0.117126371
0.096002007,0.094853146,0.097153138,0.096000872,0.094853146
0.095641572,0.09405627,0.097205858,0.095652081,0.094133598
0.087719723,0.087275035,0.088155016,0.087724419,0.087311074
0.08110396,0.080464007,0.081749936,0.081100948,0.080467315
0.083359465,0.083201796,0.083515989,0.083360038,0.083211901
0.079389898,0.078840537,0.079937246,0.079390904,0.078859553
0.083490155,0.082795406,0.084184222,0.083490495,0.082808856
0.09150818,0.091125513,0.091897236,0.091504986,0.091126778
0.093257175,0.092895255,0.093615822,0.093258812,0.09290443
0.09014701,0.088795918,0.091501298,0.090145412,0.088814856
0.104004815,0.104000976,0.104006809,0.104005737,0.104005174
0.097831806,0.097802728,0.09784877,0.097837863,0.097831689
0.110107454,0.109102322,0.111089865,0.110118815,0.109164748
0.109842846,0.108310713,0.111386862,0.109836904,0.108310713
0.10968432,0.10855051,0.110760051,0.10971336,0.108711176
0.113496136,0.112087799,0.114902574,0.113497085,0.112115794
0.108238137,0.108199546,0.108268666,0.108242168,0.108199546
0.106621051,0.10642454,0.106700405,0.10667963,0.106669835
0.100955768,0.100632298,0.101283279,0.100953747,0.100639146
0.099830336,0.09981538,0.099838924,0.099833519,0.099836064
0.101850298,0.101842243,0.101854469,0.10185224,0.101853646
0.101469794,0.10142684,0.101486027,0.101483154,0.101486027
0.10256628,0.102548137,0.102573107,0.102571938,0.102572534
0.101244203,0.101183099,0.101274742,0.101259484,0.101259076
0.100015667,0.09899614,0.101044067,0.10001123,0.098996475
0.114590233,0.114562322,0.114621205,0.114588702,0.114613588
0.115896354,0.115811159,0.115949437,0.115912409,0.115811159
0.117554577,0.117518325,0.117602288,0.117548847,0.117531846
0.099838998,0.099827066,0.099847647,0.09984064,0.099827066
0.101654616,0.101642608,0.101660828,0.101657514,0.101659817
0.097576656,0.097471326,0.097674088,0.097580606,0.097487891
0.09325052,0.092330802,0.094147823,0.093261728,0.092385057
0.095955111,0.095140182,0.096809676,0.095935294,0.095146533
0.10156362,0.101556176,0.10157877,0.101559766,0.10157877
0.111383262,0.110639113,0.112116522,0.111388707,0.11066583
0.11444716,0.114158947,0.114760027,0.114434833,0.114167869
0.112655767,0.111238977,0.114072635,0.112655728,0.111238977
0.110025955,0.108926615,0.111130591,0.110023306,0.109001233
0.114264295,0.114247059,0.114274869,0.114267627,0.114260488
0.115117301,0.11501822,0.115224015,0.115113486,0.115117484
0.113107116,0.113095885,0.113123688,0.113104446,0.11310797
0.105181309,0.103843518,0.106486107,0.105197806,0.103912598
0.118073262,0.11803953,0.118090713,0.118081403,0.118090713
0.11743065,0.117404665,0.11746949,0.117424223,0.117408336
0.118343863,0.118333772,0.118361268,0.118340206,0.118344797
0.118065424,0.118047037,0.118087809,0.118063424,0.11806886
0.116585948,0.116538971,0.116632873,0.116585973,0.116594915
0.113647416,0.113623109,0.113665542,0.113650506,0.113659225
0.120183817,0.120159308,0.120195989,0.120189985,0.120191582
0.118819323,0.118748695,0.118896203,0.118816197,0.118847154
0.105960052,0.105949385,0.105975646,0.105957589,0.1059594
0.112285966,0.111950534,0.112609141,0.112292094,0.111984268
0.108271911,0.107778145,0.108710987,0.108299256,0.107911505
0.100518129,0.099986167,0.101045777,0.100520286,0.100015873
0.096886908,0.096221165,0.097562226,0.096882121,0.096224428
0.101993399,0.10197378,0.10202495,0.101987433,0.101993029
0.09891536,0.098875989,0.098937935,0.098923757,0.098910326
0.102918435,0.101226878,0.104607006,0.102919928,0.101226878
0.104347197,0.104325882,0.104363965,0.104349471,0.104346511
0.100211407,0.100051505,0.100361453,0.100216335,0.10007182
0.101674543,0.101658422,0.101684019,0.101677865,0.101672562
0.098164275,0.098157094,0.09817019,0.098164907,0.098165649
0.10121399,0.100777114,0.101641857,0.101218495,0.100795662
0.105527893,0.105503915,0.105537997,0.10553483,0.105535179
0.102259611,0.102242171,0.102269882,0.102263195,0.102258783
0.099816585,0.09975684,0.099839821,0.09983484,0.099834232
0.101888618,0.101875713,0.101896894,0.101890934,0.101886913
0.10005176,0.100041714,0.100058459,0.100053433,0.100053587
0.102059154,0.102040927,0.102067573,0.102064058,0.10206204
0.099323942,0.099301832,0.09934011,0.099326913,0.09931678
0.102204419,0.102193291,0.102210269,0.102207057,0.102204811
0.102562382,0.101740499,0.103389465,0.102559783,0.101745089
0.101373252,0.101342197,0.101439834,0.101355487,0.101359826
0.10138669,0.100921573,0.101843811,0.101390689,0.100921573
0.105285975,0.10523504,0.105306647,0.105301106,0.105306035
0.100615386,0.100600396,0.100629516,0.100615817,0.100618567
0.098982901,0.098974858,0.098988214,0.098984265,0.09898046
0.099714881,0.09965646,0.099736461,0.099733301,0.09965646
0.100784121,0.100779911,0.100787699,0.100784437,0.100781203
0.099101246,0.098201589,0.100000672,0.099101361,0.098201589
0.104363176,0.103873808,0.104858416,0.104360239,0.103881082
0.100832743,0.10023786,0.101420659,0.100836227,0.100253514
0.100216819,0.100197287,0.100241112,0.100214438,0.100197287
0.099417609,0.099402645,0.099427148,0.099420322,0.099425606
0.100809847,0.100799562,0.100818254,0.100810787,0.100815345
0.100554555,0.10051515,0.100578136,0.100562468,0.100562414
0.100424984,0.10041096,0.100443813,0.100422582,0.100427619
0.100571239,0.100559876,0.100583029,0.100571026,0.100574414
0.102762392,0.101699488,0.103830551,0.102759764,0.101705101
0.105890622,0.105872365,0.105896998,0.105896561,0.105896236
0.100117183,0.100039464,0.100152364,0.100138453,0.100149032
0.097127562,0.096193289,0.098028793,0.097144083,0.096274855
0.100359614,0.100305759,0.100396595,0.100368051,0.100369265
0.103019941,0.101770213,0.10425646,0.103026546,0.101800123
0.095804899,0.094621926,0.096973743,0.095811963,0.094674137
0.096367709,0.095562103,0.097204053,0.096352339,0.095578647
0.101866759,0.101840599,0.101905095,0.101860672,0.101865188
0.101276662,0.10094812,0.101611604,0.101273462,0.10094812
0.101361383,0.10086355,0.101844932,0.101368524,0.100893075
0.099381539,0.097681387,0.101016886,0.099413941,0.097842093
0.098619223,0.097466867,0.099780494,0.098614766,0.097474991
0.090052302,0.090048885,0.090057444,0.09005144,0.090048885
0.06033219,0.060279554,0.060352673,0.060348266,0.060350966
0.059965519,0.059964743,0.059966482,0.059965424,0.059966482
0.061017531,0.06101016,0.061020474,0.061019744,0.06101016
0.062158989,0.062156556,0.062161182,0.062159109,0.062156556
0.063429844,0.063429238,0.063430748,0.063429695,0.063429456
0.064302997,0.064302332,0.064304082,0.064302786,0.064302332
0.063655371,0.063646426,0.063659488,0.063657786,0.063646426
0.064601696,0.064596599,0.064605804,0.064602191,0.064596599
0.063601375,0.063596035,0.063604317,0.063602574,0.063596035
0.063562744,0.063559094,0.063565203,0.063563339,0.063559094
0.063770448,0.063765617,0.06377419,0.063770992,0.063765617
0.067371459,0.06736376,0.067376594,0.067372742,0.06736376
0.065853195,0.065850427,0.065855726,0.065853314,0.065850427
0.066078902,0.06606998,0.066085169,0.066080229,0.06606998
0.06697462,0.066964513,0.066979314,0.066977327,0.066978629
0.067571949,0.067565259,0.067575649,0.067573445,0.067565259
0.068212645,0.068203847,0.068216792,0.06821497,0.068203847
0.065334217,0.06533104,0.065336321,0.065334753,0.06533104
0.060876968,0.060818026,0.060900094,0.060894875,0.060898935
0.062649108,0.062596568,0.062669595,0.062665134,0.062668736
0.06611652,0.066114744,0.066117387,0.066116974,0.0661171
0.064990539,0.064984947,0.06499431,0.064991448,0.064984947
0.067559819,0.067552161,0.067563646,0.067561734,0.067552161
0.071753486,0.071690377,0.0717757,0.071773933,0.0717757
0.065924687,0.065919133,0.065927197,0.065926209,0.065919133
0.070398483,0.070394154,0.070402219,0.070398779,0.070394154
0.062768718,0.062757825,0.06277267,0.062772189,0.062757825
0.058667981,0.058619361,0.05868465,0.058683956,0.058684316
0.062370347,0.062368301,0.062371833,0.062370626,0.062368301
0.064152681,0.064146715,0.064155815,0.064154098,0.064146715
0.064509604,0.064508483,0.064511003,0.064509464,0.064509707
0.064989561,0.064980414,0.064994549,0.064991641,0.064980414
0.064837486,0.064833984,0.064840034,0.064837962,0.064833984
0.064110633,0.064055933,0.064130931,0.064127834,0.064130183
0.061246871,0.061241931,0.061251113,0.061247221,0.061241931
0.058046106,0.05803011,0.058054195,0.058050059,0.05805047
0.06212639,0.062123951,0.06212772,0.062126944,0.062123951
0.064428236,0.064424354,0.064430729,0.06442893,0.064424354
0.064267307,0.064263008,0.064271014,0.064267603,0.064263008
0.064895486,0.064890573,0.064898996,0.064896187,0.064890573
0.063844888,0.063807758,0.06386266,0.063854567,0.063860262
0.060767566,0.060732202,0.060782355,0.060777853,0.060779275
0.059147754,0.059144344,0.059150476,0.059148097,0.059144344
0.062316094,0.062311222,0.062318272,0.062317441,0.062311222
0.055347771,0.055325896,0.055357899,0.055353645,0.05535461
0.053451661,0.053438263,0.053457204,0.053455588,0.053456409
0.053558352,0.053537009,0.053566914,0.053564741,0.053566124
0.053559905,0.053532588,0.053570404,0.053568313,0.053569319
0.053420526,0.053398499,0.053430124,0.05342674,0.053429171
0.053440538,0.053405084,0.053454294,0.053451387,0.053405084
0.053551487,0.053527857,0.053561349,0.053558372,0.053557263
0.053507824,0.05348577,0.053516679,0.053514424,0.053516561
0.053578919,0.053558116,0.053588656,0.053584451,0.053586134
0.053678218,0.053649853,0.053689764,0.053686627,0.05368905
0.053477843,0.053470031,0.053483248,0.053479046,0.053483248
0.053331857,0.053324143,0.053336633,0.053333327,0.05333243
0.053504709,0.053481309,0.053514356,0.053511586,0.053513217
0.053390073,0.053380807,0.053394099,0.053392693,0.053393785
0.052899645,0.052897454,0.052902784,0.052899171,0.052897499
0.052624272,0.052610907,0.052631056,0.052627562,0.052630087
0.052949063,0.052943553,0.052952357,0.052950171,0.052951408
0.05281938,0.05279995,0.052837672,0.052819948,0.05279995
0.053526679,0.053518838,0.053540582,0.053523649,0.053518838
0.052774251,0.052768013,0.052780783,0.052774105,0.052768013
0.052769323,0.052763902,0.052774496,0.052769447,0.052763902
0.052907964,0.052897592,0.052918437,0.052907914,0.052897592
0.052838524,0.052824857,0.052849282,0.052839977,0.052824857
0.052781973,0.05277975,0.052784412,0.052781865,0.05277975
0.053001195,0.052988209,0.053010957,0.053002808,0.052988209
0.052935593,0.052931565,0.052940402,0.052935204,0.052931565
0.052701907,0.052696979,0.052706546,0.052702052,0.052696979
0.052786179,0.052784907,0.052787511,0.052786148,0.052786507
0.052865689,0.052858361,0.052869225,0.052867585,0.052867362
0.052737543,0.052732579,0.052739868,0.052738863,0.052738556
0.053065367,0.053055729,0.053070402,0.053067669,0.053067505
0.052811686,0.052809892,0.052813433,0.052811709,0.052809892
0.053228259,0.0532235,0.053230049,0.053229744,0.0532235
0.052818443,0.052793179,0.052828171,0.052826211,0.052826423
0.052702763,0.052689657,0.052712599,0.052704398,0.052689657
0.052726712,0.052717872,0.052730775,0.0527291,0.052728706
0.052578842,0.052575468,0.052581884,0.052579007,0.052577377
0.052830191,0.052819704,0.052838642,0.052831209,0.052824317
0.052517634,0.05251123,0.052523069,0.052518118,0.05251123
0.052752708,0.052745228,0.05275981,0.052752897,0.052745228
0.052597258,0.052586707,0.052602396,0.052599965,0.052602139
0.052772037,0.052769473,0.052774577,0.05277205,0.052770776
0.052908393,0.052890999,0.052916282,0.052913144,0.052910795
0.052696594,0.052693167,0.052700045,0.052696581,0.052694594
0.052946555,0.052931706,0.052955607,0.052949454,0.052931706
0.052667036,0.052662708,0.052669592,0.052667921,0.052668442
0.052871367,0.052853631,0.052879515,0.052876161,0.052875249
0.052670196,0.052660505,0.052679082,0.052670598,0.052660505
0.052962582,0.052953285,0.052967223,0.05296491,0.052964809
0.052876937,0.052866233,0.052882219,0.052879648,0.052880152
0.052867262,0.052858397,0.052871567,0.052869541,0.052869256
0.052984772,0.052962327,0.052993693,0.052991533,0.052991642
0.052623953,0.052611186,0.052637856,0.052623385,0.052611186
0.052897205,0.052886772,0.052904348,0.05289885,0.052886772
0.052643617,0.052638698,0.052648117,0.052643826,0.052638698
0.052797037,0.052789849,0.05280509,0.052796604,0.052790049
0.052725683,0.05271391,0.052730689,0.052729066,0.05272841
0.052737047,0.052735613,0.052738922,0.052736827,0.052736919
0.052798172,0.052789027,0.05280361,0.052800025,0.052789027
0.052559385,0.052548489,0.052566219,0.052561416,0.052548489
0.052764279,0.052756758,0.052770884,0.052764736,0.052756758
0.052942201,0.052935354,0.052946091,0.05294368,0.052945209
0.052713118,0.052710584,0.05271443,0.05271373,0.052710584
0.052595155,0.052587106,0.052602316,0.052595599,0.052587106
0.052775181,0.052767774,0.052779831,0.05277656,0.052767774
0.052604553,0.052592437,0.052609764,0.052608005,0.052608735
0.052606683,0.052589414,0.052617054,0.052610132,0.052589414
0.052914454,0.052904511,0.052919313,0.052916995,0.052917619
0.052711147,0.052701905,0.052716559,0.052713061,0.052714497
0.052937573,0.052931566,0.052940846,0.05293894,0.05293711
0.052722721,0.052711953,0.052728176,0.052725378,0.052722883
0.053003662,0.05299036,0.053009864,0.053007211,0.053005779
0.052819816,0.052817463,0.052821535,0.052820134,0.052819062
0.052835981,0.052821356,0.052842665,0.052839952,0.052838296
0.052867624,0.052865733,0.052869607,0.052867579,0.052865733
0.052677577,0.052675022,0.052678713,0.052678287,0.052678713
0.052937521,0.052935662,0.052939492,0.052937465,0.052936702
0.052719995,0.052718902,0.052720831,0.052720124,0.052718902
0.053120351,0.053103212,0.053126922,0.053125635,0.053126922
0.052623324,0.05261158,0.05263033,0.052625692,0.05261158
0.052682892,0.05267014,0.052695533,0.052682947,0.052671298
0.052578768,0.052571345,0.052584532,0.052579597,0.052571345
0.052669487,0.052649485,0.052682574,0.052672945,0.052649485
0.052921601,0.052918907,0.052924499,0.052921499,0.052918907
0.05308948,0.053066334,0.053098715,0.053096436,0.053097092
0.052789007,0.052782534,0.052792427,0.052790533,0.052782534
0.052976643,0.052966785,0.052984451,0.052977669,0.052966785
0.052859176,0.052858598,0.052859799,0.052859153,0.052859064
0.052566338,0.052555007,0.052577289,0.052566528,0.052555007
0.052771462,0.05276003,0.052783228,0.052771295,0.05276003
0.052865646,0.052843258,0.052873825,0.05287275,0.052873237
0.054120679,0.054105314,0.054127581,0.054124912,0.054125948
0.054385291,0.05435542,0.054396526,0.054394609,0.054395216
0.054584103,0.054564476,0.05459248,0.054589728,0.054589152
0.054785094,0.054772806,0.05479452,0.054786525,0.054793309
0.05510004,0.055082469,0.055109304,0.055104195,0.055107903
0.055463693,0.055441921,0.055472424,0.055470214,0.055472148
0.055019356,0.055008017,0.055025764,0.055021821,0.055008017
0.054780192,0.054752067,0.054791356,0.054788671,0.054789528
0.0566957,0.05667768,0.056703963,0.056700579,0.056701737
0.055892901,0.055882034,0.055897563,0.055896003,0.055897367
0.057923134,0.057911896,0.057930105,0.057925269,0.057927842
0.059581153,0.059562491,0.059589006,0.059586558,0.059588521
0.061902813,0.061896683,0.061906241,0.061904163,0.061896683
0.060524351,0.060502301,0.060532977,0.060531062,0.060530698
0.058643518,0.058641897,0.058644971,0.058643602,0.058644971
0.057823999,0.057813566,0.057829787,0.057826322,0.057824773
0.055903847,0.055885479,0.055911689,0.05590911,0.055910809
0.05619061,0.056162102,0.056201327,0.056199506,0.056201051
0.056313559,0.056296642,0.056322127,0.056317733,0.056321515
0.056208562,0.0561811,0.056218923,0.056217113,0.056218923
0.055859938,0.055841396,0.055869707,0.055864324,0.055869426
0.055934229,0.055919843,0.055941132,0.05593797,0.055938942
0.055721234,0.055695653,0.055731641,0.055728821,0.05573156
0.055945027,0.055919988,0.055955485,0.055952319,0.055950414
0.056825771,0.056807491,0.056834535,0.05683053,0.056833445
0.055709559,0.055687583,0.055719689,0.055715482,0.05571784
0.055970459,0.055959802,0.055978403,0.055971816,0.055977283
0.055871489,0.055870191,0.055872793,0.055871486,0.055872412
0.056127968,0.056109166,0.056136986,0.05613286,0.056135785
0.056085357,0.056072926,0.056093342,0.056087579,0.056092849
0.056068378,0.056044318,0.056078369,0.056075414,0.056075229
0.056110435,0.056095778,0.056116693,0.056114634,0.056115476
0.055977883,0.055958859,0.055987712,0.055982481,0.055985859
0.055953194,0.055930371,0.055963447,0.055959479,0.055962266
0.055908356,0.055881807,0.055918516,0.05591655,0.055917507
0.05625835,0.056249018,0.056266652,0.056258864,0.056265941
0.056293044,0.056263013,0.056304802,0.056302181,0.056304186
0.056083341,0.056059719,0.056092903,0.056090371,0.056092641
0.056295711,0.056271083,0.056306344,0.056302709,0.056304805
0.056168196,0.056151431,0.056174775,0.056173289,0.056174775
0.056213453,0.056189574,0.05622252,0.056220859,0.056222388
0.056052028,0.05602461,0.056062662,0.05606042,0.056061009
0.056179511,0.056172946,0.056183427,0.056180835,0.056179958
0.056248385,0.056226624,0.056258517,0.0562542,0.056257264
0.056142167,0.056130535,0.056147687,0.056145222,0.056147383
0.056005817,0.055984708,0.056014299,0.056012132,0.056013732
0.056410102,0.056391708,0.056417361,0.05641567,0.056417361
0.05630627,0.056285666,0.056314258,0.056312578,0.056314258
0.056034685,0.056020081,0.05604282,0.05603792,0.056035016
0.055926579,0.055919498,0.055930239,0.055928289,0.055929872
0.056737823,0.056702035,0.056751812,0.056748723,0.056750738
0.056233064,0.056214093,0.056241806,0.056238178,0.056240766
0.056125582,0.056104035,0.056134055,0.056132118,0.056131442
0.056081705,0.056072721,0.056087374,0.056083362,0.056086162
0.056205469,0.056193342,0.056211187,0.056208673,0.056211187
0.05600838,0.055989737,0.056018599,0.056012591,0.056016582
0.056313043,0.056280754,0.056325,0.056323209,0.056324781
0.056643427,0.056621435,0.056652862,0.056649706,0.056649997
0.05605614,0.056039547,0.056063503,0.056060754,0.056062429
0.056017039,0.055998461,0.056024166,0.056022765,0.056023402
0.056082839,0.056073729,0.056087577,0.056085026,0.056087577
0.056359682,0.056323353,0.056372696,0.056371339,0.056371928
0.056096589,0.056061895,0.05610999,0.056107235,0.056107921
0.05624128,0.056217615,0.056251727,0.056247889,0.056251016
0.056221852,0.056205541,0.056229352,0.056226257,0.056228982
0.056000758,0.055991179,0.056005653,0.056003099,0.056005459
0.056342799,0.056327825,0.056350394,0.056346488,0.056350394
0.056348732,0.05632094,0.05636049,0.056356749,0.056359694
0.056041623,0.056027486,0.056048577,0.056045215,0.056048577
0.0561312,0.056113748,0.056137509,0.056136772,0.056137502
0.056246278,0.056227909,0.056253787,0.056251709,0.056253411
0.055962789,0.055940404,0.055970907,0.055969922,0.055970767
0.056127349,0.056107324,0.056136292,0.056132891,0.056135666
0.056197386,0.056166568,0.056208282,0.056207347,0.056207177
0.055961581,0.055942345,0.055969264,0.055967357,0.055969264
0.056236934,0.056223,0.056243193,0.056240772,0.056242343
0.056489525,0.056477527,0.056495127,0.056492722,0.056494306
0.056151272,0.056133873,0.056159695,0.05615576,0.056154402
0.05635771,0.056335659,0.056368076,0.056363553,0.056367117
0.056134965,0.056105325,0.05614677,0.056143882,0.056144815
0.056104895,0.056083138,0.05611387,0.056111287,0.056112018
0.0561626,0.056137916,0.056172197,0.056170144,0.056171255
0.056058882,0.056040636,0.056067602,0.056063646,0.056062851
0.056044755,0.056022473,0.056054218,0.056051164,0.056054023
0.055994005,0.055961888,0.056007515,0.056003309,0.056002156
0.056067271,0.056052202,0.056077417,0.056069732,0.056075584
0.05610519,0.056090974,0.056111332,0.056109227,0.056111332
0.056099568,0.056073442,0.056110093,0.056107368,0.056110093
0.056186451,0.056182955,0.056189232,0.056186809,0.056189232
0.056246451,0.056229513,0.056255561,0.056250364,0.056248685
0.056416461,0.056394199,0.05642607,0.056422788,0.056424968
0.05611008,0.056084991,0.056120373,0.056117479,0.056119222
0.056181723,0.056169577,0.056189302,0.056184007,0.056182143
0.056028656,0.056018003,0.056034409,0.056031105,0.056018003
0.05628949,0.056266125,0.056298338,0.056296749,0.056298338
0.056006315,0.055984768,0.056016557,0.056011967,0.056010301
0.056079818,0.056067542,0.056086608,0.056082561,0.056086148
0.056050237,0.056027562,0.056059683,0.056056851,0.056058632
0.056195481,0.056175047,0.056204402,0.056201237,0.056203003
0.056215412,0.056162227,0.056234104,0.056232658,0.056234104
0.056283124,0.05625245,0.05629488,0.056292582,0.056293917
0.056651171,0.056649436,0.056652833,0.056651208,0.056651588
0.056054045,0.056043996,0.056062206,0.056054988,0.056043996
0.056274263,0.056257128,0.056283104,0.05627841,0.056282266
0.056332664,0.05630886,0.056342492,0.056339651,0.056341909
0.056887408,0.056869553,0.056894931,0.056892575,0.056894931
0.056309641,0.05629675,0.056317522,0.056312145,0.056316907
