run_id,0_Avg-Duration_s,0_Min-Duration_s,0_Max-Duration_s,0_Median-Duration_s,0_MainRank-Duration_s
1,0.000125298,0.00012429,0.000126306,0.000125298,0.00012429
1,0.000127614,0.000126668,0.00012856,0.000127614,0.000126668
1,0.000125934,0.000123967,0.0001279,0.000125934,0.000123967
1,0.000121515,0.000120395,0.000122636,0.000121515,0.000120395
1,0.00012381,0.000122906,0.000124715,0.00012381,0.000122906
1,0.000124205,0.000123425,0.000124984,0.000124205,0.000123425
1,0.000121548,0.000120626,0.00012247,0.000121548,0.000120626
1,0.000121697,0.000120798,0.000122597,0.000121697,0.000120798
1,0.000124244,0.000123412,0.000125075,0.000124244,0.000123412
1,0.000130755,0.000129185,0.000132325,0.000130755,0.000129185
1,0.000126609,0.000125583,0.000127634,0.000126609,0.000125583
1,0.000122537,0.000121654,0.000123421,0.000122537,0.000121654
1,0.000121666,0.000120654,0.000122677,0.000121666,0.000120654
1,0.000120891,0.000119941,0.000121841,0.000120891,0.000119941
1,0.000120386,0.000119447,0.000121325,0.000120386,0.000119447
1,0.000125355,0.00012437,0.00012634,0.000125355,0.00012437
1,0.000124915,0.00012411,0.00012572,0.000124915,0.00012411
1,0.00012096,0.000120037,0.000121884,0.00012096,0.000120037
1,0.000121741,0.000120218,0.000123263,0.000121741,0.000120218
1,0.000120582,0.000119657,0.000121506,0.000120582,0.000119657
1,0.000121265,0.000120347,0.000122183,0.000121265,0.000120347
1,0.000120527,0.000119604,0.00012145,0.000120527,0.000119604
1,0.000121897,0.000121123,0.000122671,0.000121897,0.000121123
1,0.000120188,0.000119242,0.000121133,0.000120188,0.000119242
1,0.000123041,0.000122147,0.000123936,0.000123041,0.000122147
1,0.000123904,0.00012293,0.000124879,0.000123904,0.00012293
1,0.000121469,0.0001205,0.000122438,0.000121469,0.0001205
1,0.00012397,0.000123045,0.000124895,0.00012397,0.000123045
1,0.000125168,0.000124241,0.000126095,0.000125168,0.000124241
1,0.000124575,0.000123679,0.000125471,0.000124575,0.000123679
1,0.00012298,0.000122068,0.000123893,0.00012298,0.000122068
1,0.000124279,0.000123345,0.000125214,0.000124279,0.000123345
1,0.000124999,0.000124042,0.000125956,0.000124999,0.000124042
1,0.000122872,0.000121905,0.000123839,0.000122872,0.000121905
1,0.000120834,0.000119895,0.000121772,0.000120834,0.000119895
1,0.000123128,0.000122232,0.000124024,0.000123128,0.000122232
1,0.000122356,0.000121452,0.00012326,0.000122356,0.000121452
1,0.000120574,0.000119642,0.000121507,0.000120574,0.000119642
1,0.000120326,0.000119461,0.000121191,0.000120326,0.000119461
1,0.000121171,0.000120222,0.000122121,0.000121171,0.000120222
1,0.000123731,0.000122924,0.000124538,0.000123731,0.000122924
1,0.000125019,0.000124056,0.000125983,0.000125019,0.000124056
1,0.000126636,0.000125732,0.00012754,0.000126636,0.000125732
1,0.000123796,0.000122849,0.000124744,0.000123796,0.000122849
1,0.000120483,0.000119533,0.000121434,0.000120483,0.000119533
1,0.000124255,0.000123376,0.000125134,0.000124255,0.000123376
1,0.000124923,0.000123961,0.000125886,0.000124923,0.000123961
1,0.000122963,0.000121997,0.000123929,0.000122963,0.000121997
1,0.00012544,0.000124276,0.000126604,0.00012544,0.000124276
1,0.000124762,0.000123836,0.000125688,0.000124762,0.000123836
1,0.000126377,0.000125375,0.000127379,0.000126377,0.000125375
1,0.00012569,0.000124633,0.000126746,0.00012569,0.000124633
1,0.000123914,0.000123073,0.000124755,0.000123914,0.000123073
1,0.000123829,0.000122862,0.000124795,0.000123829,0.000122862
1,0.000120067,0.000119111,0.000121022,0.000120067,0.000119111
1,0.000126007,0.000125126,0.000126889,0.000126007,0.000125126
1,0.000120419,0.000119526,0.000121311,0.000120419,0.000119526
1,0.000121124,0.000120244,0.000122004,0.000121124,0.000120244
1,0.000123439,0.00012252,0.000124358,0.000123439,0.00012252
1,0.000123987,0.000123165,0.00012481,0.000123987,0.000123165
1,0.000122458,0.000121487,0.000123428,0.000122458,0.000121487
1,0.000123011,0.000122201,0.000123821,0.000123011,0.000122201
1,0.000124379,0.000123462,0.000125297,0.000124379,0.000123462
1,0.000122088,0.000121113,0.000123062,0.000122088,0.000121113
1,0.00012094,0.00012033,0.000121549,0.00012094,0.00012033
1,0.000124347,0.00012342,0.000125273,0.000124347,0.00012342
1,0.000125673,0.00012476,0.000126586,0.000125673,0.00012476
1,0.000124463,0.000123498,0.000125427,0.000124463,0.000123498
1,0.000124509,0.000123593,0.000125425,0.000124509,0.000123593
1,0.000125807,0.000124728,0.000126886,0.000125807,0.000124728
1,0.0001241,0.000123192,0.000125009,0.0001241,0.000123192
1,0.000124664,0.000123793,0.000125534,0.000124664,0.000123793
1,0.000124919,0.000123968,0.000125871,0.000124919,0.000123968
1,0.00012228,0.0001213,0.000123261,0.00012228,0.0001213
1,0.0001219,0.000120923,0.000122877,0.0001219,0.000120923
1,0.000121797,0.000120918,0.000122676,0.000121797,0.000120918
1,0.000124204,0.000123394,0.000125015,0.000124204,0.000123394
1,0.000123772,0.000122797,0.000124747,0.000123772,0.000122797
1,0.000126347,0.000125403,0.00012729,0.000126347,0.000125403
1,0.000120007,0.000119118,0.000120896,0.000120007,0.000119118
1,0.000121103,0.000120209,0.000121998,0.000121103,0.000120209
1,0.000125319,0.000124349,0.000126288,0.000125319,0.000124349
1,0.000124123,0.000123202,0.000125043,0.000124123,0.000123202
1,0.000125421,0.000124424,0.000126418,0.000125421,0.000124424
1,0.000122404,0.000121506,0.000123302,0.000122404,0.000121506
1,0.000124655,0.00012389,0.000125421,0.000124655,0.00012389
1,0.000120594,0.000119635,0.000121553,0.000120594,0.000119635
1,0.000121561,0.000120602,0.00012252,0.000121561,0.000120602
1,0.000124318,0.000123432,0.000125203,0.000124318,0.000123432
1,0.000121845,0.000120898,0.000122792,0.000121845,0.000120898
1,0.000120243,0.000119343,0.000121143,0.000120243,0.000119343
1,0.000122012,0.000120935,0.000123089,0.000122012,0.000120935
1,0.000125789,0.000124816,0.000126762,0.000125789,0.000124816
1,0.000125531,0.000124589,0.000126474,0.000125531,0.000124589
1,0.000120829,0.000119913,0.000121745,0.000120829,0.000119913
1,0.00012693,0.00012598,0.000127881,0.00012693,0.00012598
1,0.000124928,0.00012415,0.000125707,0.000124928,0.00012415
1,0.000124734,0.000123796,0.000125672,0.000124734,0.000123796
1,0.00012059,0.000119712,0.000121469,0.00012059,0.000119712
1,0.000122612,0.000121665,0.000123559,0.000122612,0.000121665
2,0.000133768,0.000132819,0.000134718,0.000133768,0.000132819
2,0.000126395,0.000125537,0.000127253,0.000126395,0.000125537
2,0.000124915,0.000123892,0.000125937,0.000124915,0.000123892
2,0.000128163,0.000127241,0.000129085,0.000128163,0.000127241
2,0.000123696,0.000122784,0.000124607,0.000123696,0.000122784
2,0.000124594,0.0001237,0.000125487,0.000124594,0.0001237
2,0.000121958,0.000120982,0.000122934,0.000121958,0.000120982
2,0.000124291,0.000123322,0.00012526,0.000124291,0.000123322
2,0.000124387,0.000123286,0.000125488,0.000124387,0.000123286
2,0.000131623,0.000131153,0.000132094,0.000131623,0.000131153
2,0.000125616,0.000124987,0.000126245,0.000125616,0.000124987
2,0.000122281,0.000121336,0.000123225,0.000122281,0.000121336
2,0.000121533,0.000120756,0.000122311,0.000121533,0.000120756
2,0.000125952,0.000125133,0.000126771,0.000125952,0.000125133
2,0.000122039,0.000121152,0.000122926,0.000122039,0.000121152
2,0.000121353,0.000120469,0.000122237,0.000121353,0.000120469
2,0.000122879,0.000121905,0.000123852,0.000122879,0.000121905
2,0.000125858,0.000124952,0.000126764,0.000125858,0.000124952
2,0.000124508,0.000123801,0.000125216,0.000124508,0.000123801
2,0.000125116,0.000124285,0.000125946,0.000125116,0.000124285
2,0.000124228,0.000123362,0.000125095,0.000124228,0.000123362
2,0.000125872,0.000124992,0.000126751,0.000125872,0.000124992
2,0.000126316,0.000125531,0.0001271,0.000126316,0.000125531
2,0.000125589,0.000124767,0.000126411,0.000125589,0.000124767
2,0.000125936,0.000125079,0.000126793,0.000125936,0.000125079
2,0.000121016,0.000120155,0.000121876,0.000121016,0.000120155
2,0.000125573,0.000124589,0.000126557,0.000125573,0.000124589
2,0.000123814,0.000122934,0.000124693,0.000123814,0.000122934
2,0.000126128,0.000125283,0.000126972,0.000126128,0.000125283
2,0.000125718,0.000124845,0.00012659,0.000125718,0.000124845
2,0.000125897,0.000124992,0.000126802,0.000125897,0.000124992
2,0.000123665,0.000122336,0.000124994,0.000123665,0.000122336
2,0.000121488,0.000120666,0.000122309,0.000121488,0.000120666
2,0.000125981,0.000125084,0.000126878,0.000125981,0.000125084
2,0.000122768,0.000121857,0.00012368,0.000122768,0.000121857
2,0.000122792,0.000121778,0.000123806,0.000122792,0.000121778
2,0.000122706,0.000121816,0.000123596,0.000122706,0.000121816
2,0.000124433,0.000123584,0.000125282,0.000124433,0.000123584
2,0.000125138,0.000124212,0.000126064,0.000125138,0.000124212
2,0.000126549,0.000122095,0.000131004,0.000126549,0.000122095
2,0.000123447,0.000122326,0.000124568,0.000123447,0.000122326
2,0.000123108,0.000122182,0.000124035,0.000123108,0.000122182
2,0.000122267,0.000121362,0.000123173,0.000122267,0.000121362
2,0.000126987,0.000126089,0.000127885,0.000126987,0.000126089
2,0.000125836,0.000124819,0.000126853,0.000125836,0.000124819
2,0.000126154,0.000125253,0.000127054,0.000126154,0.000125253
2,0.000125457,0.000124542,0.000126372,0.000125457,0.000124542
2,0.000121665,0.000120671,0.000122658,0.000121665,0.000120671
2,0.00012234,0.000121469,0.000123211,0.00012234,0.000121469
2,0.000124118,0.000123177,0.000125059,0.000124118,0.000123177
2,0.000122737,0.000121813,0.000123661,0.000122737,0.000121813
2,0.00012467,0.000123902,0.000125438,0.00012467,0.000123902
2,0.000121467,0.000120589,0.000122345,0.000121467,0.000120589
2,0.000125556,0.000124681,0.00012643,0.000125556,0.000124681
2,0.000124969,0.000124102,0.000125836,0.000124969,0.000124102
2,0.000122765,0.000121798,0.000123733,0.000122765,0.000121798
2,0.000125029,0.000124133,0.000125925,0.000125029,0.000124133
2,0.000124238,0.000123329,0.000125147,0.000124238,0.000123329
2,0.000126011,0.000125103,0.000126919,0.000126011,0.000125103
2,0.000125202,0.00012433,0.000126073,0.000125202,0.00012433
2,0.000122758,0.000121893,0.000123624,0.000122758,0.000121893
2,0.000123911,0.000123072,0.000124749,0.000123911,0.000123072
2,0.000123003,0.000122136,0.000123871,0.000123003,0.000122136
2,0.000124255,0.000123304,0.000125206,0.000124255,0.000123304
2,0.000127437,0.000126565,0.000128308,0.000127437,0.000126565
2,0.0001258,0.000125018,0.000126582,0.0001258,0.000125018
2,0.000126147,0.000125219,0.000127074,0.000126147,0.000125219
2,0.000125763,0.000124872,0.000126654,0.000125763,0.000124872
2,0.000122448,0.000121692,0.000123204,0.000122448,0.000121692
2,0.000122324,0.000121493,0.000123155,0.000122324,0.000121493
2,0.000122232,0.00012142,0.000123044,0.000122232,0.00012142
2,0.00012294,0.000122057,0.000123822,0.00012294,0.000122057
2,0.000123304,0.000122392,0.000124215,0.000123304,0.000122392
2,0.000123352,0.000122514,0.00012419,0.000123352,0.000122514
2,0.00012579,0.000124891,0.00012669,0.00012579,0.000124891
2,0.000124836,0.000124074,0.000125598,0.000124836,0.000124074
2,0.000122823,0.00012192,0.000123727,0.000122823,0.00012192
2,0.000125071,0.000124266,0.000125877,0.000125071,0.000124266
2,0.000126987,0.00012609,0.000127884,0.000126987,0.00012609
2,0.000120441,0.000120383,0.000120499,0.000120441,0.000120499
2,0.000126419,0.00012629,0.000126547,0.000126419,0.00012629
2,0.000126584,0.000125759,0.000127408,0.000126584,0.000125759
2,0.000126861,0.000125966,0.000127755,0.000126861,0.000125966
2,0.000121938,0.000121063,0.000122813,0.000121938,0.000121063
2,0.000124593,0.000123703,0.000125483,0.000124593,0.000123703
2,0.000123269,0.000122444,0.000124094,0.000123269,0.000122444
2,0.000122183,0.000121321,0.000123045,0.000122183,0.000121321
2,0.000127395,0.000126462,0.000128327,0.000127395,0.000126462
2,0.000123553,0.000122654,0.000124453,0.000123553,0.000122654
2,0.000121623,0.000120707,0.000122538,0.000121623,0.000120707
2,0.000122467,0.000121618,0.000123316,0.000122467,0.000121618
2,0.000125031,0.000124163,0.000125899,0.000125031,0.000124163
2,0.000122047,0.000121273,0.000122821,0.000122047,0.000121273
2,0.0001243,0.000123437,0.000125164,0.0001243,0.000123437
2,0.000123353,0.000122705,0.000124001,0.000123353,0.000122705
2,0.000127801,0.000126931,0.000128671,0.000127801,0.000126931
2,0.000123011,0.000122098,0.000123925,0.000123011,0.000122098
2,0.000126419,0.000125522,0.000127316,0.000126419,0.000125522
2,0.000125095,0.000124418,0.000125772,0.000125095,0.000124418
2,0.000123965,0.000123115,0.000124815,0.000123965,0.000123115
3,0.000127502,0.000126443,0.000128562,0.000127502,0.000126443
3,0.000122126,0.000121255,0.000122998,0.000122126,0.000121255
3,0.000127536,0.000126627,0.000128445,0.000127536,0.000126627
3,0.000129165,0.000128213,0.000130117,0.000129165,0.000128213
3,0.000126866,0.000125988,0.000127743,0.000126866,0.000125988
3,0.000123459,0.000122566,0.000124351,0.000123459,0.000122566
3,0.000125093,0.000123982,0.000126204,0.000125093,0.000123982
3,0.000124236,0.000123377,0.000125095,0.000124236,0.000123377
3,0.000121899,0.00012098,0.000122818,0.000121899,0.00012098
3,0.000131864,0.000130441,0.000133286,0.000131864,0.000130441
3,0.000126141,0.000125428,0.000126854,0.000126141,0.000125428
3,0.000126327,0.000125383,0.000127271,0.000126327,0.000125383
3,0.00012388,0.000123133,0.000124626,0.00012388,0.000123133
3,0.000126562,0.000125705,0.00012742,0.000126562,0.000125705
3,0.000124325,0.000123441,0.000125208,0.000124325,0.000123441
3,0.000121384,0.000120488,0.00012228,0.000121384,0.000120488
3,0.0001252,0.000124224,0.000126175,0.0001252,0.000124224
3,0.000125339,0.000124473,0.000126205,0.000125339,0.000124473
3,0.000121447,0.000120508,0.000122387,0.000121447,0.000120508
3,0.000136588,0.000135626,0.000137551,0.000136588,0.000135626
3,0.000125813,0.000124897,0.000126728,0.000125813,0.000124897
3,0.000124824,0.00012395,0.000125699,0.000124824,0.00012395
3,0.00012461,0.000123703,0.000125517,0.00012461,0.000123703
3,0.000120639,0.000119782,0.000121495,0.000120639,0.000119782
3,0.000125645,0.00012472,0.000126571,0.000125645,0.00012472
3,0.000123039,0.000120798,0.000125279,0.000123039,0.000120798
3,0.000124327,0.000123431,0.000125224,0.000124327,0.000123431
3,0.000128732,0.00012781,0.000129654,0.000128732,0.00012781
3,0.000123042,0.000122068,0.000124017,0.000123042,0.000122068
3,0.000126298,0.000125403,0.000127194,0.000126298,0.000125403
3,0.00012567,0.000124776,0.000126564,0.00012567,0.000124776
3,0.000124241,0.000123354,0.000125128,0.000124241,0.000123354
3,0.000124301,0.000123655,0.000124947,0.000124301,0.000123655
3,0.000124045,0.000123141,0.000124949,0.000124045,0.000123141
3,0.000126669,0.00012578,0.000127557,0.000126669,0.00012578
3,0.000120339,0.000119348,0.00012133,0.000120339,0.000119348
3,0.000124753,0.000123869,0.000125638,0.000124753,0.000123869
3,0.000124642,0.000123733,0.00012555,0.000124642,0.000123733
3,0.000125193,0.000124306,0.000126081,0.000125193,0.000124306
3,0.000123591,0.000122658,0.000124525,0.000123591,0.000122658
3,0.000121586,0.000120733,0.000122439,0.000121586,0.000120733
3,0.000125454,0.00012455,0.000126358,0.000125454,0.00012455
3,0.000124419,0.000123496,0.000125342,0.000124419,0.000123496
3,0.000127373,0.000126416,0.000128329,0.000127373,0.000126416
3,0.000124269,0.000123225,0.000125313,0.000124269,0.000123225
3,0.000122082,0.000121142,0.000123021,0.000122082,0.000121142
3,0.000121989,0.000121101,0.000122877,0.000121989,0.000121101
3,0.000125837,0.000124855,0.000126819,0.000125837,0.000124855
3,0.000126088,0.000125227,0.000126949,0.000126088,0.000125227
3,0.000124967,0.000124042,0.000125893,0.000124967,0.000124042
3,0.000125035,0.000124149,0.000125922,0.000125035,0.000124149
3,0.000121606,0.000120856,0.000122355,0.000121606,0.000120856
3,0.000125429,0.000124568,0.000126289,0.000125429,0.000124568
3,0.000127493,0.000126579,0.000128408,0.000127493,0.000126579
3,0.000125254,0.000124252,0.000126257,0.000125254,0.000124252
3,0.000124844,0.000124073,0.000125615,0.000124844,0.000124073
3,0.000125699,0.00012487,0.000126527,0.000125699,0.00012487
3,0.00012329,0.000122308,0.000124272,0.00012329,0.000122308
3,0.000127504,0.000125059,0.000129949,0.000127504,0.000125059
3,0.000128335,0.000126629,0.000130042,0.000128335,0.000126629
3,0.000121956,0.000120993,0.000122919,0.000121956,0.000120993
3,0.00012731,0.000126399,0.000128221,0.00012731,0.000126399
3,0.000123319,0.000122475,0.000124162,0.000123319,0.000122475
3,0.000123444,0.000122524,0.000124364,0.000123444,0.000122524
3,0.00012517,0.000124348,0.000125992,0.00012517,0.000124348
3,0.000125567,0.000124667,0.000126467,0.000125567,0.000124667
3,0.000124486,0.000123497,0.000125474,0.000124486,0.000123497
3,0.000126729,0.000125939,0.00012752,0.000126729,0.000125939
3,0.000122926,0.000121994,0.000123858,0.000122926,0.000121994
3,0.00012517,0.000124249,0.000126091,0.00012517,0.000124249
3,0.000127193,0.000126367,0.000128018,0.000127193,0.000126367
3,0.000122492,0.000121591,0.000123393,0.000122492,0.000121591
3,0.000124205,0.000123338,0.000125072,0.000124205,0.000123338
3,0.000126257,0.000125433,0.00012708,0.000126257,0.000125433
3,0.000126632,0.000125676,0.000127587,0.000126632,0.000125676
3,0.00012136,0.000120458,0.000122263,0.00012136,0.000120458
3,0.000125737,0.000124557,0.000126916,0.000125737,0.000124557
3,0.000124926,0.000123989,0.000125864,0.000124926,0.000123989
3,0.00012591,0.000125003,0.000126817,0.00012591,0.000125003
3,0.000123361,0.000122452,0.00012427,0.000123361,0.000122452
3,0.000126558,0.000125727,0.000127388,0.000126558,0.000125727
3,0.000125811,0.000124919,0.000126704,0.000125811,0.000124919
3,0.000126205,0.000125204,0.000127206,0.000126205,0.000125204
3,0.000125654,0.000124749,0.000126558,0.000125654,0.000124749
3,0.000125755,0.000124785,0.000126725,0.000125755,0.000124785
3,0.000125608,0.000124677,0.00012654,0.000125608,0.000124677
3,0.000128475,0.00012755,0.0001294,0.000128475,0.00012755
3,0.000124019,0.000123077,0.000124961,0.000124019,0.000123077
3,0.000127465,0.000126556,0.000128374,0.000127465,0.000126556
3,0.000121674,0.000120763,0.000122584,0.000121674,0.000120763
3,0.000129269,0.000128353,0.000130185,0.000129269,0.000128353
3,0.00012501,0.000124124,0.000125897,0.00012501,0.000124124
3,0.000123307,0.00012251,0.000124105,0.000123307,0.00012251
3,0.000126702,0.000125767,0.000127637,0.000126702,0.000125767
3,0.000126594,0.000125699,0.00012749,0.000126594,0.000125699
3,0.000125034,0.000124011,0.000126057,0.000125034,0.000124011
3,0.000125328,0.000124401,0.000126255,0.000125328,0.000124401
3,0.000125825,0.000124912,0.000126739,0.000125825,0.000124912
3,0.000132565,0.000131568,0.000133562,0.000132565,0.000131568
3,0.000124495,0.000123526,0.000125464,0.000124495,0.000123526
4,0.000124975,0.000124043,0.000125907,0.000124975,0.000124043
4,0.00011971,0.000118836,0.000120585,0.00011971,0.000118836
4,0.000121265,0.000120367,0.000122164,0.000121265,0.000120367
4,0.000122462,0.000121614,0.000123311,0.000122462,0.000121614
4,0.000123825,0.000122977,0.000124674,0.000123825,0.000122977
4,0.000125305,0.000124488,0.000126121,0.000125305,0.000124488
4,0.000122442,0.000121463,0.00012342,0.000122442,0.000121463
4,0.000123237,0.000122336,0.000124138,0.000123237,0.000122336
4,0.000119923,0.000119058,0.000120789,0.000119923,0.000119058
4,0.000128892,0.00012811,0.000129674,0.000128892,0.00012811
4,0.000123832,0.000123064,0.0001246,0.000123832,0.000123064
4,0.000123687,0.000122778,0.000124597,0.000123687,0.000122778
4,0.000122343,0.000121459,0.000123227,0.000122343,0.000121459
4,0.000122211,0.000121381,0.000123041,0.000122211,0.000121381
4,0.0001222,0.000121283,0.000123116,0.0001222,0.000121283
4,0.000121493,0.000120551,0.000122435,0.000121493,0.000120551
4,0.000120157,0.000119197,0.000121118,0.000120157,0.000119197
4,0.000121441,0.000120529,0.000122353,0.000121441,0.000120529
4,0.000120322,0.000119437,0.000121208,0.000120322,0.000119437
4,0.0001211,0.000120219,0.00012198,0.0001211,0.000120219
4,0.000120588,0.000119735,0.000121441,0.000120588,0.000119735
4,0.000122718,0.000121891,0.000123545,0.000122718,0.000121891
4,0.00012152,0.000120639,0.000122401,0.00012152,0.000120639
4,0.000120481,0.000119597,0.000121364,0.000120481,0.000119597
4,0.000121481,0.000120678,0.000122285,0.000121481,0.000120678
4,0.000121786,0.000120923,0.000122649,0.000121786,0.000120923
4,0.000120721,0.000119788,0.000121654,0.000120721,0.000119788
4,0.000120927,0.000120059,0.000121795,0.000120927,0.000120059
4,0.000122319,0.000121389,0.00012325,0.000122319,0.000121389
4,0.000122289,0.000121419,0.00012316,0.000122289,0.000121419
4,0.000122278,0.000121371,0.000123185,0.000122278,0.000121371
4,0.000122016,0.000121274,0.000122758,0.000122016,0.000121274
4,0.000121448,0.000120579,0.000122317,0.000121448,0.000120579
4,0.000120071,0.000119141,0.000121002,0.000120071,0.000119141
4,0.000119246,0.000118345,0.000120146,0.000119246,0.000118345
4,0.000122121,0.000121216,0.000123027,0.000122121,0.000121216
4,0.000120514,0.000119626,0.000121402,0.000120514,0.000119626
4,0.000121121,0.000120322,0.000121921,0.000121121,0.000120322
4,0.000120386,0.000119535,0.000121237,0.000120386,0.000119535
4,0.00012161,0.000120974,0.000122247,0.00012161,0.000120974
4,0.000122423,0.000121545,0.000123302,0.000122423,0.000121545
4,0.000124204,0.00012329,0.000125119,0.000124204,0.00012329
4,0.000121284,0.000120396,0.000122172,0.000121284,0.000120396
4,0.000122919,0.000122026,0.000123813,0.000122919,0.000122026
4,0.000123391,0.000122412,0.00012437,0.000123391,0.000122412
4,0.000121156,0.000120218,0.000122094,0.000121156,0.000120218
4,0.000123063,0.000122207,0.000123918,0.000123063,0.000122207
4,0.000118983,0.000118081,0.000119885,0.000118983,0.000118081
4,0.000131227,0.000130301,0.000132154,0.000131227,0.000130301
4,0.000122083,0.000121218,0.000122948,0.000122083,0.000121218
4,0.000121108,0.000120241,0.000121976,0.000121108,0.000120241
4,0.000119704,0.000118867,0.000120542,0.000119704,0.000118867
4,0.000121259,0.000120392,0.000122127,0.000121259,0.000120392
4,0.000122073,0.000121182,0.000122963,0.000122073,0.000121182
4,0.000120139,0.000119254,0.000121024,0.000120139,0.000119254
4,0.000118808,0.000117942,0.000119674,0.000118808,0.000117942
4,0.000123607,0.000122686,0.000124528,0.000123607,0.000122686
4,0.000119177,0.000118247,0.000120107,0.000119177,0.000118247
4,0.000120142,0.000119216,0.000121069,0.000120142,0.000119216
4,0.00012061,0.000119779,0.000121442,0.00012061,0.000119779
4,0.000123382,0.000122421,0.000124342,0.000123382,0.000122421
4,0.000120459,0.000119592,0.000121326,0.000120459,0.000119592
4,0.000117524,0.000116733,0.000118316,0.000117524,0.000116733
4,0.000122619,0.000121726,0.000123512,0.000122619,0.000121726
4,0.000123743,0.000122816,0.000124671,0.000123743,0.000122816
4,0.000119864,0.000118918,0.000120809,0.000119864,0.000118918
4,0.000121115,0.000120174,0.000122056,0.000121115,0.000120174
4,0.000120523,0.000119613,0.000121432,0.000120523,0.000119613
4,0.000122628,0.000121731,0.000123525,0.000122628,0.000121731
4,0.000120684,0.000119734,0.000121635,0.000120684,0.000119734
4,0.00012285,0.000122004,0.000123695,0.00012285,0.000122004
4,0.000118389,0.00011749,0.000119289,0.000118389,0.00011749
4,0.000118272,0.000117367,0.000119176,0.000118272,0.000117367
4,0.000122133,0.000121281,0.000122985,0.000122133,0.000121281
4,0.000122682,0.000121775,0.000123588,0.000122682,0.000121775
4,0.000119867,0.000118972,0.000120763,0.000119867,0.000118972
4,0.000120725,0.000120023,0.000121426,0.000120725,0.000120023
4,0.000118663,0.000117789,0.000119537,0.000118663,0.000117789
4,0.000121377,0.000120519,0.000122236,0.000121377,0.000120519
4,0.000120048,0.000119195,0.000120901,0.000120048,0.000119195
4,0.000121193,0.000120291,0.000122095,0.000121193,0.000120291
4,0.000121022,0.000120083,0.000121962,0.000121022,0.000120083
4,0.000121384,0.000120514,0.000122254,0.000121384,0.000120514
4,0.000121224,0.000120383,0.000122065,0.000121224,0.000120383
4,0.000124186,0.000123242,0.00012513,0.000124186,0.000123242
4,0.000122839,0.000121993,0.000123686,0.000122839,0.000121993
4,0.000120881,0.00012003,0.000121733,0.000120881,0.00012003
4,0.000120871,0.000119984,0.000121757,0.000120871,0.000119984
4,0.000123723,0.000122819,0.000124627,0.000123723,0.000122819
4,0.000121959,0.000121041,0.000122877,0.000121959,0.000121041
4,0.000120582,0.000119641,0.000121523,0.000120582,0.000119641
4,0.000125125,0.000124246,0.000126005,0.000125125,0.000124246
4,0.000120323,0.00011948,0.000121167,0.000120323,0.00011948
4,0.000121778,0.000120854,0.000122702,0.000121778,0.000120854
4,0.000122044,0.000121181,0.000122906,0.000122044,0.000121181
4,0.000121401,0.000120461,0.000122341,0.000121401,0.000120461
4,0.000120659,0.000119749,0.000121569,0.000120659,0.000119749
4,0.00012063,0.000119714,0.000121547,0.00012063,0.000119714
4,0.000127381,0.00012646,0.000128302,0.000127381,0.00012646
4,0.000122288,0.000121349,0.000123226,0.000122288,0.000121349
5,0.000111299,0.00011043,0.000112168,0.000111299,0.00011043
5,0.000111607,0.000110733,0.000112482,0.000111607,0.000110733
5,0.000112109,0.000111313,0.000112905,0.000112109,0.000111313
5,0.000112376,0.000111474,0.000113277,0.000112376,0.000111474
5,0.000110759,0.000109915,0.000111602,0.000110759,0.000109915
5,0.00011293,0.000112007,0.000113853,0.00011293,0.000112007
5,0.000111015,0.000110048,0.000111983,0.000111015,0.000110048
5,0.000113401,0.000112476,0.000114326,0.000113401,0.000112476
5,0.000115496,0.000114655,0.000116336,0.000115496,0.000114655
5,0.000119084,0.00011881,0.000119358,0.000119084,0.00011881
5,0.000112284,0.000111926,0.000112643,0.000112284,0.000111926
5,0.000111889,0.000111104,0.000112674,0.000111889,0.000111104
5,0.000111693,0.000110818,0.000112568,0.000111693,0.000110818
5,0.000110278,0.00010947,0.000111087,0.000110278,0.00010947
5,0.00011182,0.000110965,0.000112676,0.00011182,0.000110965
5,0.000111832,0.000110983,0.000112681,0.000111832,0.000110983
5,0.000113205,0.000112232,0.000114179,0.000113205,0.000112232
5,0.000110533,0.000110429,0.000110638,0.000110533,0.000110429
5,0.000113987,0.000113811,0.000114162,0.000113987,0.000113811
5,0.00011118,0.000110336,0.000112025,0.00011118,0.000110336
5,0.00011046,0.000109545,0.000111375,0.00011046,0.000109545
5,0.000111976,0.000111108,0.000112845,0.000111976,0.000111108
5,0.000110637,0.000109745,0.000111529,0.000110637,0.000109745
5,0.000113218,0.000112348,0.000114087,0.000113218,0.000112348
5,0.000113429,0.00011237,0.000114487,0.000113429,0.00011237
5,0.000113809,0.000112902,0.000114717,0.000113809,0.000112902
5,0.000111209,0.000110344,0.000112073,0.000111209,0.000110344
5,0.000112294,0.000111392,0.000113195,0.000112294,0.000111392
5,0.000114108,0.000113145,0.00011507,0.000114108,0.000113145
5,0.000110003,0.000109115,0.000110891,0.000110003,0.000109115
5,0.0001122,0.000111319,0.000113081,0.0001122,0.000111319
5,0.000112151,0.000111316,0.000112987,0.000112151,0.000111316
5,0.000112348,0.000111498,0.000113198,0.000112348,0.000111498
5,0.000111503,0.00011059,0.000112417,0.000111503,0.00011059
5,0.000112747,0.000111876,0.000113619,0.000112747,0.000111876
5,0.000112958,0.000111928,0.000113987,0.000112958,0.000111928
5,0.000114599,0.000113718,0.000115481,0.000114599,0.000113718
5,0.000113751,0.000112901,0.000114601,0.000113751,0.000112901
5,0.000111442,0.000110495,0.000112388,0.000111442,0.000110495
5,0.000113791,0.000113001,0.000114581,0.000113791,0.000113001
5,0.000112527,0.000111697,0.000113357,0.000112527,0.000111697
5,0.000113464,0.000112571,0.000114357,0.000113464,0.000112571
5,0.000114654,0.000113722,0.000115587,0.000114654,0.000113722
5,0.000115877,0.000115055,0.000116698,0.000115877,0.000115055
5,0.000113423,0.000112317,0.000114529,0.000113423,0.000112317
5,0.000112592,0.000111732,0.000113451,0.000112592,0.000111732
5,0.000112791,0.000111754,0.000113829,0.000112791,0.000111754
5,0.000111062,0.000110114,0.000112009,0.000111062,0.000110114
5,0.000115378,0.000114509,0.000116247,0.000115378,0.000114509
5,0.00010913,0.000109062,0.000109199,0.00010913,0.000109062
5,0.000115854,0.00011569,0.000116018,0.000115854,0.00011569
5,0.000114415,0.000113498,0.000115331,0.000114415,0.000113498
5,0.000112045,0.000111142,0.000112948,0.000112045,0.000111142
5,0.000115589,0.000114677,0.000116501,0.000115589,0.000114677
5,0.00011402,0.000113072,0.000114968,0.00011402,0.000113072
5,0.000113135,0.000112237,0.000114033,0.000113135,0.000112237
5,0.00011358,0.000112692,0.000114467,0.00011358,0.000112692
5,0.000110143,0.000109122,0.000111163,0.000110143,0.000109122
5,0.000113036,0.000112131,0.000113942,0.000113036,0.000112131
5,0.000115883,0.000114933,0.000116834,0.000115883,0.000114933
5,0.000112306,0.000111391,0.000113222,0.000112306,0.000111391
5,0.000112461,0.000111539,0.000113383,0.000112461,0.000111539
5,0.0001128,0.000111888,0.000113713,0.0001128,0.000111888
5,0.000110942,0.000110031,0.000111853,0.000110942,0.000110031
5,0.000113682,0.00011296,0.000114404,0.000113682,0.00011296
5,0.000112381,0.000111465,0.000113298,0.000112381,0.000111465
5,0.000112145,0.000111231,0.000113058,0.000112145,0.000111231
5,0.000110603,0.000109642,0.000111564,0.000110603,0.000109642
5,0.000115428,0.000114466,0.00011639,0.000115428,0.000114466
5,0.000111306,0.000110503,0.00011211,0.000111306,0.000110503
5,0.00011128,0.00011047,0.00011209,0.00011128,0.00011047
5,0.000113639,0.000112771,0.000114507,0.000113639,0.000112771
5,0.000114339,0.000113452,0.000115226,0.000114339,0.000113452
5,0.000112389,0.000111504,0.000113273,0.000112389,0.000111504
5,0.000113432,0.000112594,0.00011427,0.000113432,0.000112594
5,0.000110609,0.000109866,0.000111351,0.000110609,0.000109866
5,0.000113474,0.000112515,0.000114433,0.000113474,0.000112515
5,0.00011608,0.000115127,0.000117034,0.00011608,0.000115127
5,0.000111549,0.000110628,0.000112469,0.000111549,0.000110628
5,0.000110661,0.000109847,0.000111476,0.000110661,0.000109847
5,0.000113519,0.0001127,0.000114338,0.000113519,0.0001127
5,0.000110194,0.000109277,0.00011111,0.000110194,0.000109277
5,0.00011323,0.000112329,0.00011413,0.00011323,0.000112329
5,0.000110377,0.000109529,0.000111225,0.000110377,0.000109529
5,0.00011054,0.000109654,0.000111425,0.00011054,0.000109654
5,0.000112562,0.00011164,0.000113485,0.000112562,0.00011164
5,0.000115941,0.000115012,0.000116871,0.000115941,0.000115012
5,0.000112049,0.000111116,0.000112983,0.000112049,0.000111116
5,0.000112316,0.000111352,0.000113281,0.000112316,0.000111352
5,0.000114243,0.000113317,0.000115169,0.000114243,0.000113317
5,0.000110488,0.000109573,0.000111403,0.000110488,0.000109573
5,0.000112708,0.000111794,0.000113623,0.000112708,0.000111794
5,0.000110298,0.000109517,0.00011108,0.000110298,0.000109517
5,0.000109662,0.000109476,0.000109848,0.000109662,0.000109476
5,0.000111873,0.000111648,0.000112098,0.000111873,0.000111648
5,0.000115182,0.000114132,0.000116231,0.000115182,0.000114132
5,0.000110089,0.000109216,0.000110961,0.000110089,0.000109216
5,0.000111436,0.00011052,0.000112352,0.000111436,0.00011052
5,0.000113954,0.000113082,0.000114826,0.000113954,0.000113082
5,0.0001113,0.000110743,0.000111857,0.0001113,0.000110743
6,0.000131311,0.000130383,0.000132239,0.000131311,0.000130383
6,0.000127004,0.000126064,0.000127944,0.000127004,0.000126064
6,0.000129958,0.000129049,0.000130867,0.000129958,0.000129049
6,0.000129615,0.000128692,0.000130539,0.000129615,0.000128692
6,0.000130019,0.000129144,0.000130894,0.000130019,0.000129144
6,0.000127265,0.000126417,0.000128114,0.000127265,0.000126417
6,0.000129595,0.000128631,0.00013056,0.000129595,0.000128631
6,0.000129203,0.000128333,0.000130074,0.000129203,0.000128333
6,0.000129747,0.000128906,0.000130587,0.000129747,0.000128906
6,0.000137214,0.000135771,0.000138656,0.000137214,0.000138656
6,0.000129935,0.000129859,0.000130012,0.000129935,0.000130012
6,0.000128664,0.000127793,0.000129535,0.000128664,0.000127793
6,0.00012761,0.000126728,0.000128491,0.00012761,0.000126728
6,0.000127175,0.000126398,0.000127953,0.000127175,0.000126398
6,0.000127748,0.00012685,0.000128647,0.000127748,0.00012685
6,0.000126966,0.000126117,0.000127815,0.000126966,0.000126117
6,0.000128992,0.000128176,0.000129809,0.000128992,0.000128176
6,0.000128812,0.000128021,0.000129602,0.000128812,0.000128021
6,0.0001272,0.000126339,0.000128061,0.0001272,0.000126339
6,0.000127682,0.000126851,0.000128513,0.000127682,0.000126851
6,0.00012716,0.000126273,0.000128047,0.00012716,0.000126273
6,0.000126485,0.000125621,0.000127349,0.000126485,0.000125621
6,0.000127057,0.000126222,0.000127891,0.000127057,0.000126222
6,0.000125408,0.000124566,0.000126251,0.000125408,0.000124566
6,0.000128692,0.000127816,0.000129568,0.000128692,0.000127816
6,0.000128705,0.00012786,0.00012955,0.000128705,0.00012786
6,0.000127916,0.000127002,0.00012883,0.000127916,0.000127002
6,0.000126557,0.000125676,0.000127438,0.000126557,0.000125676
6,0.000123971,0.000122822,0.00012512,0.000123971,0.000122822
6,0.000123911,0.000123026,0.000124796,0.000123911,0.000123026
6,0.000123226,0.000122276,0.000124175,0.000123226,0.000122276
6,0.000122481,0.000121659,0.000123302,0.000122481,0.000121659
6,0.000123958,0.000123244,0.000124671,0.000123958,0.000123244
6,0.000127174,0.0001263,0.000128047,0.000127174,0.0001263
6,0.000127811,0.000126875,0.000128747,0.000127811,0.000126875
6,0.000126949,0.000126164,0.000127733,0.000126949,0.000126164
6,0.000123198,0.000122313,0.000124083,0.000123198,0.000122313
6,0.000125752,0.000124903,0.0001266,0.000125752,0.000124903
6,0.000126845,0.000125935,0.000127755,0.000126845,0.000125935
6,0.000128064,0.000127163,0.000128966,0.000128064,0.000127163
6,0.000129758,0.000128868,0.000130648,0.000129758,0.000128868
6,0.000129853,0.00012893,0.000130777,0.000129853,0.00012893
6,0.000130207,0.000129235,0.000131179,0.000130207,0.000129235
6,0.000127848,0.000126979,0.000128718,0.000127848,0.000126979
6,0.000127273,0.00012628,0.000128266,0.000127273,0.00012628
6,0.000125663,0.000124782,0.000126544,0.000125663,0.000124782
6,0.000125595,0.000124719,0.000126471,0.000125595,0.000124719
6,0.000126343,0.000125594,0.000127092,0.000126343,0.000125594
6,0.000127285,0.000126445,0.000128125,0.000127285,0.000126445
6,0.00012709,0.000126205,0.000127974,0.00012709,0.000126205
6,0.00013326,0.000132322,0.000134197,0.00013326,0.000132322
6,0.000123936,0.00012314,0.000124733,0.000123936,0.00012314
6,0.000127179,0.000126384,0.000127973,0.000127179,0.000126384
6,0.000126693,0.000125822,0.000127563,0.000126693,0.000125822
6,0.000127538,0.000126549,0.000128526,0.000127538,0.000126549
6,0.000126239,0.000125421,0.000127057,0.000126239,0.000125421
6,0.000128285,0.000127398,0.000129172,0.000128285,0.000127398
6,0.000127725,0.000125789,0.000129661,0.000127725,0.000125789
6,0.000129982,0.00012886,0.000131105,0.000129982,0.00012886
6,0.000127224,0.00012636,0.000128088,0.000127224,0.00012636
6,0.000123073,0.000122302,0.000123843,0.000123073,0.000122302
6,0.000126668,0.000125813,0.000127524,0.000126668,0.000125813
6,0.000129178,0.000128288,0.000130067,0.000129178,0.000128288
6,0.000126175,0.000125356,0.000126993,0.000126175,0.000125356
6,0.000126617,0.000125778,0.000127455,0.000126617,0.000125778
6,0.000127471,0.000126558,0.000128384,0.000127471,0.000126558
6,0.000127742,0.000126875,0.00012861,0.000127742,0.000126875
6,0.000126991,0.000126101,0.000127881,0.000126991,0.000126101
6,0.000126978,0.000126102,0.000127854,0.000126978,0.000126102
6,0.000126985,0.000126049,0.000127922,0.000126985,0.000126049
6,0.000127748,0.00012694,0.000128556,0.000127748,0.00012694
6,0.000125996,0.000125149,0.000126843,0.000125996,0.000125149
6,0.000127119,0.00012625,0.000127988,0.000127119,0.00012625
6,0.000131278,0.000130452,0.000132104,0.000131278,0.000130452
6,0.000127086,0.000126204,0.000127968,0.000127086,0.000126204
6,0.000126506,0.000125658,0.000127353,0.000126506,0.000125658
6,0.000127312,0.000126448,0.000128176,0.000127312,0.000126448
6,0.000127232,0.000126345,0.000128119,0.000127232,0.000126345
6,0.000127091,0.00012623,0.000127951,0.000127091,0.00012623
6,0.000127698,0.000126887,0.000128508,0.000127698,0.000126887
6,0.000127253,0.00012637,0.000128135,0.000127253,0.00012637
6,0.000130879,0.00012989,0.000131869,0.000130879,0.00012989
6,0.000124639,0.000123771,0.000125508,0.000124639,0.000123771
6,0.000126381,0.000125522,0.000127241,0.000126381,0.000125522
6,0.000128771,0.000127858,0.000129684,0.000128771,0.000127858
6,0.000127734,0.000126897,0.00012857,0.000127734,0.000126897
6,0.000125246,0.000124427,0.000126065,0.000125246,0.000124427
6,0.00012586,0.000125023,0.000126698,0.00012586,0.000125023
6,0.000122112,0.0001213,0.000122923,0.000122112,0.0001213
6,0.000124326,0.000123402,0.000125251,0.000124326,0.000123402
6,0.000125722,0.000124824,0.000126621,0.000125722,0.000124824
6,0.000124952,0.000124101,0.000125803,0.000124952,0.000124101
6,0.000125415,0.00012474,0.000126091,0.000125415,0.00012474
6,0.000125963,0.000125072,0.000126853,0.000125963,0.000125072
6,0.000125206,0.000124381,0.000126032,0.000125206,0.000124381
6,0.000125522,0.000124573,0.000126471,0.000125522,0.000124573
6,0.000126469,0.000125341,0.000127596,0.000126469,0.000125341
6,0.000126158,0.000125301,0.000127015,0.000126158,0.000125301
6,0.000126291,0.000125425,0.000127156,0.000126291,0.000125425
6,0.00012579,0.000125018,0.000126562,0.00012579,0.000125018
7,0.000124266,0.000123363,0.000125169,0.000124266,0.000123363
7,0.000122431,0.000121506,0.000123357,0.000122431,0.000121506
7,0.000125301,0.000124401,0.0001262,0.000125301,0.000124401
7,0.000127226,0.000126256,0.000128197,0.000127226,0.000126256
7,0.000128568,0.00012762,0.000129516,0.000128568,0.00012762
7,0.00012653,0.000125574,0.000127486,0.00012653,0.000125574
7,0.00012562,0.000124587,0.000126653,0.00012562,0.000124587
7,0.000124358,0.000123363,0.000125353,0.000124358,0.000123363
7,0.000127884,0.000127025,0.000128744,0.000127884,0.000127025
7,0.000132901,0.000132405,0.000133397,0.000132901,0.000132405
7,0.000125587,0.000124913,0.000126261,0.000125587,0.000124913
7,0.000130637,0.000129742,0.000131532,0.000130637,0.000129742
7,0.000127474,0.000126544,0.000128403,0.000127474,0.000126544
7,0.000125492,0.000124614,0.000126369,0.000125492,0.000124614
7,0.000126606,0.000125324,0.000127889,0.000126606,0.000125324
7,0.000125251,0.000124345,0.000126157,0.000125251,0.000124345
7,0.000127622,0.000126453,0.000128792,0.000127622,0.000126453
7,0.00012469,0.000123713,0.000125667,0.00012469,0.000123713
7,0.000126106,0.000125143,0.000127068,0.000126106,0.000125143
7,0.00012433,0.000123355,0.000125304,0.00012433,0.000123355
7,0.000124855,0.000123834,0.000125875,0.000124855,0.000123834
7,0.000122042,0.000121108,0.000122976,0.000122042,0.000121108
7,0.00012376,0.000122809,0.000124712,0.00012376,0.000122809
7,0.000121736,0.000120986,0.000122486,0.000121736,0.000120986
7,0.000124885,0.000124036,0.000125735,0.000124885,0.000124036
7,0.00012457,0.000123675,0.000125464,0.00012457,0.000123675
7,0.000122773,0.000121859,0.000123686,0.000122773,0.000121859
7,0.000123185,0.000122205,0.000124166,0.000123185,0.000122205
7,0.000123404,0.00012238,0.000124428,0.000123404,0.00012238
7,0.000124815,0.000123931,0.000125699,0.000124815,0.000123931
7,0.000123542,0.000122595,0.000124489,0.000123542,0.000122595
7,0.000121895,0.000120972,0.000122818,0.000121895,0.000120972
7,0.000122648,0.000121847,0.000123449,0.000122648,0.000121847
7,0.000124109,0.00012318,0.000125038,0.000124109,0.00012318
7,0.000123949,0.000123037,0.00012486,0.000123949,0.000123037
7,0.000123124,0.000122121,0.000124126,0.000123124,0.000122121
7,0.00012205,0.000121115,0.000122985,0.00012205,0.000121115
7,0.000122905,0.000122032,0.000123779,0.000122905,0.000122032
7,0.000125518,0.000124612,0.000126424,0.000125518,0.000124612
7,0.000121505,0.000120615,0.000122395,0.000121505,0.000120615
7,0.000122949,0.000122116,0.000123783,0.000122949,0.000122116
7,0.000124642,0.000123676,0.000125609,0.000124642,0.000123676
7,0.000121373,0.000120402,0.000122345,0.000121373,0.000120402
7,0.000123585,0.000122676,0.000124493,0.000123585,0.000122676
7,0.000123304,0.000122227,0.000124382,0.000123304,0.000122227
7,0.00012403,0.000123088,0.000124972,0.00012403,0.000123088
7,0.00012345,0.000122515,0.000124385,0.00012345,0.000122515
7,0.000123239,0.000122268,0.00012421,0.000123239,0.000122268
7,0.000123277,0.000122384,0.00012417,0.000123277,0.000122384
7,0.000123,0.000122112,0.000123887,0.000123,0.000122112
7,0.000120908,0.000120015,0.000121801,0.000120908,0.000120015
7,0.000125913,0.00012499,0.000126836,0.000125913,0.00012499
7,0.000123049,0.000122159,0.000123939,0.000123049,0.000122159
7,0.00012635,0.000125428,0.000127272,0.00012635,0.000125428
7,0.00012235,0.000121448,0.000123252,0.00012235,0.000121448
7,0.000123014,0.000122087,0.000123941,0.000123014,0.000122087
7,0.00012329,0.000122416,0.000124164,0.00012329,0.000122416
7,0.000123258,0.000122308,0.000124207,0.000123258,0.000122308
7,0.000122314,0.000121381,0.000123247,0.000122314,0.000121381
7,0.000121062,0.000120123,0.000122,0.000121062,0.000120123
7,0.000121973,0.000121044,0.000122901,0.000121973,0.000121044
7,0.000122884,0.000121918,0.00012385,0.000122884,0.000121918
7,0.000123548,0.000122578,0.000124518,0.000123548,0.000122578
7,0.000121343,0.000120423,0.000122263,0.000121343,0.000120423
7,0.000121073,0.000120242,0.000121903,0.000121073,0.000120242
7,0.000122737,0.00012179,0.000123683,0.000122737,0.00012179
7,0.000123164,0.000122194,0.000124134,0.000123164,0.000122194
7,0.00012691,0.000125998,0.000127822,0.00012691,0.000125998
7,0.00012306,0.000122122,0.000123998,0.00012306,0.000122122
7,0.00012181,0.000121237,0.000122384,0.00012181,0.000121237
7,0.000121838,0.000121245,0.000122431,0.000121838,0.000121245
7,0.000124234,0.000123287,0.000125182,0.000124234,0.000123287
7,0.000121653,0.000120736,0.00012257,0.000121653,0.000120736
7,0.000123677,0.00012286,0.000124494,0.000123677,0.00012286
7,0.000121396,0.000120554,0.000122239,0.000121396,0.000120554
7,0.000124024,0.000123067,0.000124981,0.000124024,0.000123067
7,0.000124298,0.000123331,0.000125265,0.000124298,0.000123331
7,0.000121978,0.00012101,0.000122946,0.000121978,0.00012101
7,0.000123415,0.000122482,0.000124348,0.000123415,0.000122482
7,0.000121965,0.000121019,0.000122912,0.000121965,0.000121019
7,0.000123995,0.000123053,0.000124936,0.000123995,0.000123053
7,0.000121403,0.000120451,0.000122356,0.000121403,0.000120451
7,0.000123552,0.000122644,0.00012446,0.000123552,0.000122644
7,0.000124433,0.000123445,0.000125421,0.000124433,0.000123445
7,0.000123156,0.000122216,0.000124096,0.000123156,0.000122216
7,0.000124025,0.000123142,0.000124907,0.000124025,0.000123142
7,0.000123382,0.000122428,0.000124335,0.000123382,0.000122428
7,0.000123072,0.000122117,0.000124027,0.000123072,0.000122117
7,0.000126085,0.000125118,0.000127051,0.000126085,0.000125118
7,0.000124723,0.000123755,0.000125691,0.000124723,0.000123755
7,0.000124142,0.000123233,0.000125051,0.000124142,0.000123233
7,0.000125404,0.000124423,0.000126386,0.000125404,0.000124423
7,0.000122975,0.000122065,0.000123885,0.000122975,0.000122065
7,0.000122057,0.000121087,0.000123026,0.000122057,0.000121087
7,0.000125771,0.000124842,0.0001267,0.000125771,0.000124842
7,0.000123021,0.000121941,0.0001241,0.000123021,0.000121941
7,0.000123964,0.000123046,0.000124882,0.000123964,0.000123046
7,0.000124526,0.000123554,0.000125497,0.000124526,0.000123554
7,0.000127225,0.000126294,0.000128156,0.000127225,0.000126294
7,0.000122406,0.000121399,0.000123413,0.000122406,0.000121399
8,0.000128582,0.000127653,0.00012951,0.000128582,0.000127653
8,0.000123399,0.000122532,0.000124266,0.000123399,0.000122532
8,0.000121512,0.000120498,0.000122527,0.000121512,0.000120498
8,0.000130955,0.000129982,0.000131929,0.000130955,0.000129982
8,0.000125598,0.000124638,0.000126558,0.000125598,0.000124638
8,0.000123752,0.000122835,0.00012467,0.000123752,0.000122835
8,0.00012367,0.000122633,0.000124708,0.00012367,0.000122633
8,0.000122765,0.000121779,0.000123751,0.000122765,0.000121779
8,0.000120593,0.000119634,0.000121551,0.000120593,0.000119634
8,0.000128841,0.000128216,0.000129467,0.000128841,0.000128216
8,0.000123679,0.000122993,0.000124364,0.000123679,0.000122993
8,0.00012643,0.000125562,0.000127297,0.00012643,0.000125562
8,0.000122128,0.000121164,0.000123091,0.000122128,0.000121164
8,0.000121929,0.000121042,0.000122815,0.000121929,0.000121042
8,0.000123671,0.00012273,0.000124612,0.000123671,0.00012273
8,0.000123624,0.000122697,0.000124551,0.000123624,0.000122697
8,0.000122926,0.000122053,0.000123798,0.000122926,0.000122053
8,0.000121695,0.000119708,0.000123683,0.000121695,0.000119708
8,0.000122918,0.000121936,0.000123901,0.000122918,0.000121936
8,0.000124073,0.000123105,0.000125041,0.000124073,0.000123105
8,0.000121974,0.000121071,0.000122877,0.000121974,0.000121071
8,0.000122285,0.000121441,0.00012313,0.000122285,0.000121441
8,0.000122024,0.000121082,0.000122966,0.000122024,0.000121082
8,0.000122569,0.000121638,0.000123499,0.000122569,0.000121638
8,0.00012211,0.000121179,0.000123041,0.00012211,0.000121179
8,0.000123055,0.00012222,0.00012389,0.000123055,0.00012222
8,0.000123605,0.000122621,0.00012459,0.000123605,0.000122621
8,0.000133815,0.000132792,0.000134838,0.000133815,0.000132792
8,0.000121594,0.00012052,0.000122667,0.000121594,0.00012052
8,0.000124417,0.000123466,0.000125367,0.000124417,0.000123466
8,0.000123705,0.00012273,0.00012468,0.000123705,0.00012273
8,0.000123764,0.000122822,0.000124706,0.000123764,0.000122822
8,0.000117823,0.000116955,0.000118692,0.000117823,0.000116955
8,0.000123338,0.000122407,0.000124268,0.000123338,0.000122407
8,0.000121391,0.000120592,0.00012219,0.000121391,0.000120592
8,0.000129132,0.000128109,0.000130155,0.000129132,0.000128109
8,0.000119332,0.000118474,0.00012019,0.000119332,0.000118474
8,0.000123688,0.000122707,0.000124668,0.000123688,0.000122707
8,0.000123322,0.000122368,0.000124277,0.000123322,0.000122368
8,0.00012113,0.000120166,0.000122094,0.00012113,0.000120166
8,0.000122492,0.000121579,0.000123405,0.000122492,0.000121579
8,0.000124912,0.000123979,0.000125845,0.000124912,0.000123979
8,0.000121854,0.000120844,0.000122865,0.000121854,0.000120844
8,0.000124425,0.000123422,0.000125429,0.000124425,0.000123422
8,0.000125036,0.000124062,0.00012601,0.000125036,0.000124062
8,0.000123056,0.000122108,0.000124004,0.000123056,0.000122108
8,0.00012135,0.000120391,0.000122309,0.00012135,0.000120391
8,0.000122352,0.000121389,0.000123316,0.000122352,0.000121389
8,0.000122272,0.000121321,0.000123223,0.000122272,0.000121321
8,0.000122353,0.000121467,0.000123239,0.000122353,0.000121467
8,0.000120728,0.00011979,0.000121666,0.000120728,0.00011979
8,0.000126001,0.0001251,0.000126903,0.000126001,0.0001251
8,0.000122732,0.000121805,0.000123659,0.000122732,0.000121805
8,0.000123763,0.000122833,0.000124692,0.000123763,0.000122833
8,0.000122499,0.000121511,0.000123486,0.000122499,0.000121511
8,0.000125222,0.000124336,0.000126108,0.000125222,0.000124336
8,0.000123734,0.000122802,0.000124666,0.000123734,0.000122802
8,0.000121173,0.000120241,0.000122104,0.000121173,0.000120241
8,0.000123011,0.0001221,0.000123922,0.000123011,0.0001221
8,0.000123153,0.000122213,0.000124092,0.000123153,0.000122213
8,0.000119544,0.000118793,0.000120294,0.000119544,0.000118793
8,0.000124628,0.00012367,0.000125585,0.000124628,0.00012367
8,0.000121824,0.000120897,0.000122751,0.000121824,0.000120897
8,0.000122797,0.000121842,0.000123752,0.000122797,0.000121842
8,0.000124212,0.000123294,0.00012513,0.000124212,0.000123294
8,0.000121246,0.000120458,0.000122035,0.000121246,0.000120458
8,0.000124407,0.000123401,0.000125412,0.000124407,0.000123401
8,0.000125345,0.000124353,0.000126337,0.000125345,0.000124353
8,0.000125363,0.000124393,0.000126333,0.000125363,0.000124393
8,0.000121459,0.000120511,0.000122407,0.000121459,0.000120511
8,0.000125369,0.000124562,0.000126177,0.000125369,0.000124562
8,0.000123377,0.000122476,0.000124279,0.000123377,0.000122476
8,0.000124308,0.000123298,0.000125317,0.000124308,0.000123298
8,0.00012197,0.000121138,0.000122803,0.00012197,0.000121138
8,0.000123479,0.000122536,0.000124422,0.000123479,0.000122536
8,0.000129084,0.00012812,0.000130048,0.000129084,0.00012812
8,0.000123496,0.000122556,0.000124436,0.000123496,0.000122556
8,0.000122808,0.000121862,0.000123753,0.000122808,0.000121862
8,0.000122485,0.000121535,0.000123436,0.000122485,0.000121535
8,0.000124598,0.000123634,0.000125561,0.000124598,0.000123634
8,0.000122975,0.000122087,0.000123863,0.000122975,0.000122087
8,0.000125226,0.000124307,0.000126145,0.000125226,0.000124307
8,0.000121248,0.000120332,0.000122163,0.000121248,0.000120332
8,0.000123809,0.0001228,0.000124817,0.000123809,0.0001228
8,0.000125215,0.000124161,0.000126269,0.000125215,0.000124161
8,0.00012638,0.00012545,0.000127309,0.00012638,0.00012545
8,0.000128244,0.000127247,0.000129241,0.000128244,0.000127247
8,0.000122835,0.000121848,0.000123823,0.000122835,0.000121848
8,0.000124793,0.000123776,0.000125809,0.000124793,0.000123776
8,0.00012357,0.000122397,0.000124743,0.00012357,0.000122397
8,0.00012566,0.000124699,0.000126621,0.00012566,0.000124699
8,0.000124568,0.000123605,0.00012553,0.000124568,0.000123605
8,0.000121947,0.00012115,0.000122743,0.000121947,0.00012115
8,0.000122845,0.000121878,0.000123811,0.000122845,0.000121878
8,0.000122041,0.000121093,0.000122988,0.000122041,0.000121093
8,0.000122283,0.000121266,0.0001233,0.000122283,0.000121266
8,0.000122724,0.000121772,0.000123675,0.000122724,0.000121772
8,0.000125135,0.00012243,0.000127839,0.000125135,0.00012243
8,0.000122244,0.000121284,0.000123204,0.000122244,0.000121284
8,0.000127391,0.000126385,0.000128398,0.000127391,0.000126385
9,0.000128898,0.000128059,0.000129737,0.000128898,0.000128059
9,0.000128763,0.000127926,0.000129599,0.000128763,0.000127926
9,0.000124987,0.000124084,0.000125889,0.000124987,0.000124084
9,0.000130012,0.000129041,0.000130982,0.000130012,0.000129041
9,0.00012826,0.000127345,0.000129175,0.00012826,0.000127345
9,0.000124998,0.000124073,0.000125923,0.000124998,0.000124073
9,0.000130171,0.000129307,0.000131035,0.000130171,0.000129307
9,0.000125317,0.000124494,0.00012614,0.000125317,0.000124494
9,0.000125941,0.000125101,0.000126781,0.000125941,0.000125101
9,0.000133476,0.000132963,0.00013399,0.000133476,0.000132963
9,0.000126349,0.000125576,0.000127122,0.000126349,0.000125576
9,0.00012722,0.000126409,0.00012803,0.00012722,0.000126409
9,0.000125982,0.000124951,0.000127012,0.000125982,0.000124951
9,0.000126995,0.000126027,0.000127962,0.000126995,0.000126027
9,0.000125658,0.000124823,0.000126492,0.000125658,0.000124823
9,0.000124934,0.000124091,0.000125776,0.000124934,0.000124091
9,0.000122041,0.000121388,0.000122693,0.000122041,0.000121388
9,0.000124745,0.00012387,0.00012562,0.000124745,0.00012387
9,0.000126375,0.000125456,0.000127295,0.000126375,0.000125456
9,0.000124691,0.000123829,0.000125552,0.000124691,0.000123829
9,0.000125335,0.000124489,0.00012618,0.000125335,0.000124489
9,0.000125764,0.000124894,0.000126635,0.000125764,0.000124894
9,0.000124105,0.000123212,0.000124997,0.000124105,0.000123212
9,0.000122607,0.000121733,0.000123481,0.000122607,0.000121733
9,0.000122619,0.000121732,0.000123506,0.000122619,0.000121732
9,0.000124827,0.000123989,0.000125666,0.000124827,0.000123989
9,0.000122691,0.000121765,0.000123617,0.000122691,0.000121765
9,0.000125036,0.000124155,0.000125917,0.000125036,0.000124155
9,0.000125363,0.000124484,0.000126242,0.000125363,0.000124484
9,0.000122531,0.000121651,0.00012341,0.000122531,0.000121651
9,0.000121761,0.000120871,0.000122651,0.000121761,0.000120871
9,0.000127707,0.000126758,0.000128657,0.000127707,0.000126758
9,0.000126945,0.000126071,0.000127819,0.000126945,0.000126071
9,0.000122052,0.000121176,0.000122928,0.000122052,0.000121176
9,0.000125381,0.000124446,0.000126315,0.000125381,0.000124446
9,0.000126593,0.000125772,0.000127414,0.000126593,0.000125772
9,0.000125148,0.000124239,0.000126056,0.000125148,0.000124239
9,0.000122291,0.000121399,0.000123183,0.000122291,0.000121399
9,0.00012491,0.000124238,0.000125582,0.00012491,0.000124238
9,0.000127615,0.000126743,0.000128488,0.000127615,0.000126743
9,0.000125383,0.000124583,0.000126183,0.000125383,0.000124583
9,0.000125696,0.000124797,0.000126596,0.000125696,0.000124797
9,0.000129627,0.000128696,0.000130558,0.000129627,0.000128696
9,0.00012695,0.00012611,0.000127791,0.00012695,0.00012611
9,0.000122984,0.000122121,0.000123848,0.000122984,0.000122121
9,0.000126245,0.000125358,0.000127132,0.000126245,0.000125358
9,0.000125343,0.000124462,0.000126224,0.000125343,0.000124462
9,0.000125527,0.000124656,0.000126397,0.000125527,0.000124656
9,0.000125309,0.00012452,0.000126098,0.000125309,0.00012452
9,0.000125877,0.000124999,0.000126755,0.000125877,0.000124999
9,0.000128069,0.000127084,0.000129053,0.000128069,0.000127084
9,0.000125509,0.00012454,0.000126478,0.000125509,0.00012454
9,0.000125478,0.000124595,0.000126361,0.000125478,0.000124595
9,0.000126042,0.00012513,0.000126954,0.000126042,0.00012513
9,0.000125272,0.000124387,0.000126157,0.000125272,0.000124387
9,0.000128541,0.000127652,0.00012943,0.000128541,0.000127652
9,0.000127404,0.000126528,0.000128279,0.000127404,0.000126528
9,0.000125549,0.000124756,0.000126342,0.000125549,0.000124756
9,0.000128726,0.000127805,0.000129646,0.000128726,0.000127805
9,0.000126655,0.000125763,0.000127546,0.000126655,0.000125763
9,0.000125478,0.000124613,0.000126343,0.000125478,0.000124613
9,0.000126117,0.000125225,0.00012701,0.000126117,0.000125225
9,0.000126078,0.000125168,0.000126987,0.000126078,0.000125168
9,0.000126565,0.000125715,0.000127414,0.000126565,0.000125715
9,0.000125677,0.000124852,0.000126503,0.000125677,0.000124852
9,0.000126294,0.000125456,0.000127132,0.000126294,0.000125456
9,0.000126084,0.000125197,0.00012697,0.000126084,0.000125197
9,0.000125772,0.000124918,0.000126626,0.000125772,0.000124918
9,0.000125059,0.000124163,0.000125956,0.000125059,0.000124163
9,0.000126325,0.000125332,0.000127317,0.000126325,0.000125332
9,0.000126079,0.000125138,0.000127021,0.000126079,0.000125138
9,0.000124765,0.000123934,0.000125595,0.000124765,0.000123934
9,0.000127159,0.000126181,0.000128137,0.000127159,0.000126181
9,0.00012713,0.000126106,0.000128155,0.00012713,0.000126106
9,0.000124832,0.0001239,0.000125765,0.000124832,0.0001239
9,0.000126234,0.000125389,0.000127079,0.000126234,0.000125389
9,0.000125633,0.000124857,0.000126409,0.000125633,0.000124857
9,0.00012284,0.000121964,0.000123716,0.00012284,0.000121964
9,0.000127021,0.000126157,0.000127885,0.000127021,0.000126157
9,0.000127034,0.000126231,0.000127838,0.000127034,0.000126231
9,0.000124516,0.000123665,0.000125367,0.000124516,0.000123665
9,0.000126401,0.000125463,0.000127339,0.000126401,0.000125463
9,0.000126022,0.000125151,0.000126892,0.000126022,0.000125151
9,0.000125209,0.000124332,0.000126087,0.000125209,0.000124332
9,0.00012716,0.00012621,0.00012811,0.00012716,0.00012621
9,0.000127104,0.000126207,0.000128001,0.000127104,0.000126207
9,0.00012785,0.000127118,0.000128582,0.00012785,0.000127118
9,0.000126977,0.000126109,0.000127846,0.000126977,0.000126109
9,0.000125498,0.000124578,0.000126418,0.000125498,0.000124578
9,0.000132088,0.000131144,0.000133031,0.000132088,0.000131144
9,0.000126472,0.000125558,0.000127385,0.000126472,0.000125558
9,0.000125583,0.000124523,0.000126643,0.000125583,0.000124523
9,0.00012518,0.000124218,0.000126143,0.00012518,0.000124218
9,0.000127089,0.000126177,0.000128001,0.000127089,0.000126177
9,0.00012608,0.000125185,0.000126974,0.00012608,0.000125185
9,0.000125955,0.000125157,0.000126753,0.000125955,0.000125157
9,0.000125025,0.00012453,0.00012552,0.000125025,0.00012453
9,0.000126541,0.000125893,0.000127188,0.000126541,0.000125893
9,0.000122957,0.000122034,0.000123881,0.000122957,0.000122034
9,0.000127626,0.000126688,0.000128564,0.000127626,0.000126688
10,0.000131347,0.000130484,0.000132211,0.000131347,0.000130484
10,0.000130769,0.000129896,0.000131643,0.000130769,0.000129896
10,0.00013088,0.000130039,0.000131722,0.00013088,0.000130039
10,0.000131773,0.000130955,0.00013259,0.000131773,0.000130955
10,0.000132156,0.000131325,0.000132987,0.000132156,0.000131325
10,0.00013051,0.000129663,0.000131357,0.00013051,0.000129663
10,0.000127181,0.000126231,0.000128131,0.000127181,0.000126231
10,0.000129967,0.000129155,0.00013078,0.000129967,0.000129155
10,0.000133209,0.000132315,0.000134104,0.000133209,0.000132315
10,0.000134876,0.000134614,0.000135139,0.000134876,0.000134614
10,0.000131078,0.000130749,0.000131408,0.000131078,0.000130749
10,0.00013156,0.00013081,0.000132309,0.00013156,0.00013081
10,0.000128929,0.000128066,0.000129792,0.000128929,0.000128066
10,0.00013393,0.000133072,0.000134789,0.00013393,0.000133072
10,0.000130786,0.000129933,0.000131638,0.000130786,0.000129933
10,0.000127878,0.000127006,0.000128751,0.000127878,0.000127006
10,0.000126033,0.000125325,0.000126741,0.000126033,0.000125325
10,0.000127387,0.000126666,0.000128107,0.000127387,0.000126666
10,0.00012919,0.000128344,0.000130035,0.00012919,0.000128344
10,0.000122595,0.00012177,0.00012342,0.000122595,0.00012177
10,0.000126232,0.000125576,0.000126888,0.000126232,0.000125576
10,0.000130629,0.00012975,0.000131508,0.000130629,0.00012975
10,0.000126765,0.000125905,0.000127624,0.000126765,0.000125905
10,0.000126869,0.000126047,0.000127692,0.000126869,0.000126047
10,0.000125701,0.000124868,0.000126534,0.000125701,0.000124868
10,0.000128708,0.000127843,0.000129572,0.000128708,0.000127843
10,0.000126058,0.000125225,0.000126891,0.000126058,0.000125225
10,0.000126429,0.00012573,0.000127128,0.000126429,0.00012573
10,0.000128996,0.000128072,0.00012992,0.000128996,0.000128072
10,0.000121576,0.000121117,0.000122034,0.000121576,0.000121117
10,0.000123325,0.000122752,0.000123898,0.000123325,0.000122752
10,0.000125836,0.00012498,0.000126692,0.000125836,0.00012498
10,0.000127246,0.00012643,0.000128063,0.000127246,0.00012643
10,0.000122781,0.000121941,0.000123621,0.000122781,0.000121941
10,0.000127892,0.000127106,0.000128679,0.000127892,0.000127106
10,0.000127596,0.000126684,0.000128509,0.000127596,0.000126684
10,0.000122542,0.000121658,0.000123425,0.000122542,0.000121658
10,0.000126754,0.000126283,0.000127226,0.000126754,0.000127226
10,0.000126654,0.000125825,0.000127482,0.000126654,0.000125825
10,0.000126741,0.000125933,0.000127549,0.000126741,0.000125933
10,0.000125206,0.000124312,0.0001261,0.000125206,0.000124312
10,0.000126282,0.000125479,0.000127085,0.000126282,0.000125479
10,0.000129794,0.000128953,0.000130635,0.000129794,0.000128953
10,0.000127584,0.000126736,0.000128432,0.000127584,0.000126736
10,0.000126552,0.000125541,0.000127564,0.000126552,0.000125541
10,0.000127185,0.000126252,0.000128117,0.000127185,0.000126252
10,0.00012297,0.000122079,0.00012386,0.00012297,0.000122079
10,0.000126358,0.000125446,0.000127269,0.000126358,0.000125446
10,0.000126386,0.000125544,0.000127227,0.000126386,0.000125544
10,0.000128052,0.0001272,0.000128904,0.000128052,0.0001272
10,0.000126391,0.000125542,0.000127239,0.000126391,0.000125542
10,0.000125962,0.000125163,0.00012676,0.000125962,0.000125163
10,0.000128675,0.000127774,0.000129577,0.000128675,0.000127774
10,0.000127725,0.000126887,0.000128562,0.000127725,0.000126887
10,0.000126343,0.00012544,0.000127246,0.000126343,0.00012544
10,0.000126704,0.000125837,0.000127572,0.000126704,0.000125837
10,0.000126582,0.000125758,0.000127405,0.000126582,0.000125758
10,0.000124912,0.000124043,0.000125781,0.000124912,0.000124043
10,0.000126521,0.000125668,0.000127375,0.000126521,0.000125668
10,0.000125309,0.000124413,0.000126205,0.000125309,0.000124413
10,0.000126816,0.000126087,0.000127545,0.000126816,0.000126087
10,0.000128619,0.000127709,0.000129528,0.000128619,0.000127709
10,0.00012869,0.000127867,0.000129513,0.00012869,0.000127867
10,0.000126804,0.000125948,0.00012766,0.000126804,0.000125948
10,0.000123346,0.000122503,0.000124189,0.000123346,0.000122503
10,0.000127999,0.000127149,0.00012885,0.000127999,0.000127149
10,0.000126706,0.000125866,0.000127546,0.000126706,0.000125866
10,0.000125549,0.000124673,0.000126424,0.000125549,0.000124673
10,0.000130377,0.000129519,0.000131235,0.000130377,0.000129519
10,0.000127723,0.000126903,0.000128543,0.000127723,0.000126903
10,0.000130556,0.000129717,0.000131396,0.000130556,0.000129717
10,0.000127713,0.000126871,0.000128556,0.000127713,0.000126871
10,0.000128172,0.000127299,0.000129046,0.000128172,0.000127299
10,0.000127329,0.000126548,0.00012811,0.000127329,0.000126548
10,0.000122609,0.000121815,0.000123404,0.000122609,0.000121815
10,0.000125245,0.000124306,0.000126184,0.000125245,0.000124306
10,0.000122447,0.000121575,0.000123319,0.000122447,0.000121575
10,0.000126812,0.000125948,0.000127676,0.000126812,0.000125948
10,0.000125413,0.000124521,0.000126305,0.000125413,0.000124521
10,0.000128999,0.000128121,0.000129876,0.000128999,0.000128121
10,0.000125369,0.000124541,0.000126198,0.000125369,0.000124541
10,0.000127232,0.000126441,0.000128023,0.000127232,0.000126441
10,0.000127044,0.000126191,0.000127896,0.000127044,0.000126191
10,0.000125775,0.000124878,0.000126673,0.000125775,0.000124878
10,0.000122962,0.000122082,0.000123841,0.000122962,0.000122082
10,0.000124396,0.000123514,0.000125278,0.000124396,0.000123514
10,0.000127937,0.000127094,0.00012878,0.000127937,0.000127094
10,0.000127157,0.000126312,0.000128003,0.000127157,0.000126312
10,0.000127803,0.000126932,0.000128675,0.000127803,0.000126932
10,0.000128871,0.000127924,0.000129817,0.000128871,0.000127924
10,0.000126511,0.000125644,0.000127377,0.000126511,0.000125644
10,0.000129128,0.000128215,0.000130041,0.000129128,0.000128215
10,0.00012932,0.000128505,0.000130134,0.00012932,0.000128505
10,0.000127103,0.000126243,0.000127962,0.000127103,0.000126243
10,0.000124181,0.000123314,0.000125048,0.000124181,0.000123314
10,0.000127332,0.00012642,0.000128244,0.000127332,0.00012642
10,0.000128016,0.000127165,0.000128866,0.000128016,0.000127165
10,0.000126135,0.000125343,0.000126927,0.000126135,0.000125343
10,0.000126444,0.000125569,0.000127319,0.000126444,0.000125569
10,0.000130623,0.000129639,0.000131608,0.000130623,0.000129639
